id,grade
3582,B
60498,C
53227,B
21333,C
3885,E
51521,A
84261,B
10685,B
59948,C
41032,A
25747,A
44303,B
83813,C
61991,C
49392,C
37116,B
65942,C
2216,A
81749,B
77996,D
30999,B
18294,E
81976,B
29876,A
85471,D
8959,A
70029,D
28324,B
50521,C
89741,C
8350,D
4655,A
90049,A
66296,D
35416,D
50253,E
46535,C
65667,E
56112,C
69884,B
69132,A
27954,B
45096,C
83141,A
7413,C
52692,B
27712,C
47173,D
47393,D
87379,B
54234,C
95572,B
1066,C
16820,C
55800,C
19767,A
54654,B
91959,F
46004,A
18632,C
92173,B
38806,C
3026,B
89926,B
40109,E
14664,C
43105,A
70847,A
64523,E
13303,C
22321,F
96669,E
822,B
67521,B
75286,C
14085,B
32500,C
73097,D
48652,A
90432,B
70715,C
98809,E
71060,B
16201,B
29565,A
43959,A
45976,C
57881,A
60515,A
11951,B
32239,C
1331,B
30578,A
80285,A
55407,B
95350,B
54177,D
63741,B
62122,D
26493,C
60005,A
74007,E
345,D
43895,C
15471,C
17226,B
31180,C
9221,C
38525,C
48805,C
66691,B
33411,D
24702,B
38259,C
65520,D
40280,B
85270,C
40425,B
30407,B
36017,D
24852,B
68371,C
32893,D
86902,C
66295,B
355,D
90756,C
45862,C
28100,E
94411,C
3854,A
39856,D
41824,C
16750,A
28809,A
94166,C
91124,C
61589,A
20823,B
43441,B
56613,A
52589,C
26549,A
35198,A
46955,B
21550,B
62616,C
78921,B
81448,A
69202,B
51265,B
12987,B
79336,E
23942,A
77445,B
42389,B
16047,A
23286,B
15264,B
43985,E
22072,D
70123,A
24951,D
32543,B
63373,C
83691,B
11216,C
34462,D
44808,A
6642,C
28167,F
42282,B
63064,C
21589,A
75351,C
57225,B
35206,B
69677,C
95690,C
46869,B
42790,A
46511,A
12868,A
42975,C
74099,C
43605,D
33518,C
7341,E
11980,D
22312,C
66408,D
78556,B
30510,C
86477,A
71890,A
74244,A
96072,C
66171,C
31186,C
36740,D
4084,B
54732,C
47751,B
44205,D
16479,A
52242,B
50216,B
56727,D
89805,C
54214,A
68685,C
73884,C
4425,A
55430,A
4904,C
71480,C
48845,D
77927,C
90720,B
76195,D
15630,C
19512,C
6026,C
42511,B
53234,B
65407,D
16150,A
59416,C
99940,B
34060,B
20159,C
30055,A
66922,B
1696,C
58952,E
86440,D
18476,C
76125,D
42020,A
43980,D
29449,B
49200,B
49135,C
34245,C
77921,E
57836,C
54644,C
91832,B
68783,C
14554,A
45428,C
91646,B
86976,C
94424,A
93158,B
53565,B
53124,B
77397,C
34187,C
35420,D
78266,F
31660,D
5088,B
94723,C
20500,D
27590,B
77439,B
30899,C
96911,B
18759,C
71812,B
48378,C
17974,B
61197,B
21657,C
78025,C
99961,C
57042,D
85544,A
45294,C
26155,D
8410,C
50538,C
60706,B
67573,A
77680,B
20498,B
81261,B
73987,C
62383,B
11607,C
67999,B
81530,B
8750,A
4368,F
41448,B
5159,F
83392,A
70870,B
28738,C
52384,B
64021,B
28305,C
28941,A
22324,C
94751,C
59801,A
65399,A
42618,E
10109,B
31886,C
18457,C
34841,E
96263,C
16685,B
30404,D
43364,D
96876,B
57498,C
73693,A
34442,B
86034,D
39561,B
64712,C
70485,C
26902,C
3731,B
44271,B
24653,C
81797,B
20513,B
61776,D
12277,D
16988,C
71932,A
24021,C
23779,D
61032,A
24548,D
76708,C
91238,D
16976,A
32970,C
81465,A
35815,C
69358,B
29492,E
35521,B
46995,B
13968,C
97721,B
58737,B
3297,C
5399,B
40678,B
64365,D
24484,C
23236,B
49450,D
31185,B
9299,E
44884,D
38059,D
35597,C
97087,D
184,C
68271,A
9258,C
25911,D
94673,A
78946,B
38721,A
68697,C
43338,B
22532,E
240,C
10186,A
56309,C
438,B
11271,D
92170,B
9232,A
99248,A
98038,B
16713,B
47092,B
81142,B
25970,D
96345,B
28417,A
76580,C
99035,D
49129,D
51135,D
75715,D
46484,C
35170,C
78185,B
20236,D
16847,B
21045,D
68708,D
16969,D
42125,B
51327,B
305,D
23795,B
51372,C
13653,B
86861,C
45803,C
72245,C
90785,E
63971,B
45539,B
13302,E
62451,C
12554,C
6071,E
96853,A
61853,A
87097,B
64519,C
12379,B
53956,C
68171,B
54633,D
32222,C
19364,B
99788,C
29207,B
66560,C
12656,C
87602,B
63760,C
89807,C
86006,C
49784,F
97718,D
21948,B
9160,A
89131,C
1422,B
29171,A
40820,A
38251,C
24796,C
97051,B
19397,B
46586,B
59720,E
72462,B
7886,B
17411,A
61545,B
29231,B
49277,B
30986,D
89216,B
81115,C
98316,C
47503,C
16844,C
42884,E
40360,B
76398,B
23436,F
30121,B
95676,C
10101,B
7838,C
3057,D
65184,A
84685,A
75506,B
70160,A
70590,C
95567,C
95501,A
48881,B
5616,C
43765,D
73747,C
86060,C
90875,A
72348,C
59314,C
26803,E
40276,C
986,C
63656,C
52174,A
57381,A
45893,A
68247,B
85653,A
19532,C
46696,C
83944,D
4690,C
97209,A
97337,C
54464,A
74706,C
80742,C
38625,A
78541,C
36170,C
22340,B
32409,C
19187,B
15005,C
75979,B
59974,B
32057,C
56196,D
26357,C
93241,B
71761,C
66261,B
60217,D
89093,F
63301,E
74832,C
90583,C
60078,C
68006,B
96161,C
34216,C
67794,A
52123,C
22969,D
81387,B
73543,D
82095,D
52670,C
92215,D
50345,D
94717,B
87574,C
61867,A
21170,E
68130,B
72706,C
59384,A
33252,C
89905,D
78217,D
41894,C
24818,D
89580,B
79935,A
94180,D
60528,C
43097,E
67697,B
16221,E
11631,B
20280,B
11224,C
14850,B
82232,B
56395,C
57015,A
75242,C
2930,C
3649,D
84317,C
79126,C
13064,C
24778,D
74084,C
25043,D
87128,A
31170,C
98516,D
1925,D
48076,D
71495,C
84117,B
22403,C
61426,A
54375,C
9928,B
81378,C
77836,A
51744,E
32530,A
7887,B
85841,A
49692,D
61981,B
3570,A
14000,B
88965,B
36788,A
1238,A
18412,C
20792,B
64195,A
97474,A
55223,C
75921,A
43124,B
37811,F
63865,B
50153,C
33982,D
79534,B
75236,C
46691,B
56540,C
73895,D
54437,D
13539,A
46006,C
44175,D
46328,B
60547,B
49471,B
53053,C
6219,D
98787,C
17301,C
6322,C
87220,D
73864,B
55655,B
6245,C
30476,C
64609,B
47462,C
35843,B
46658,B
74221,A
32890,B
37058,C
46408,B
55029,C
64625,B
95165,B
6045,D
55942,C
79486,C
93800,E
7642,B
65587,B
25588,B
46667,C
26328,C
30489,C
15133,C
62410,A
20526,E
76751,B
38270,C
57937,B
71201,B
24213,B
10272,A
19735,A
18413,D
69261,C
13584,D
5095,B
84965,C
28144,C
48835,A
71481,A
44136,D
72891,D
92723,B
74784,C
43965,A
97297,A
84599,A
85683,C
35241,C
76976,A
82633,C
87006,C
46353,B
19467,A
61615,C
63053,C
4725,E
11431,B
28464,B
15938,D
29631,D
35828,C
54970,B
65138,D
8127,A
41371,B
72686,B
12919,C
35408,B
3780,B
33373,C
1432,C
28162,C
63020,D
53265,C
72314,E
50132,B
52423,E
85503,C
41632,C
78640,D
88008,A
35688,D
44035,D
36023,D
44508,C
7484,B
94297,A
36382,C
22762,C
50946,B
74345,E
56675,B
87105,A
60805,C
36401,E
99758,C
89448,C
2408,A
41901,D
33347,B
26399,C
36128,A
24595,D
70337,D
44679,C
51312,G
10557,D
13461,B
74620,D
369,A
83001,B
48830,C
43506,B
52310,B
82438,C
80331,C
33757,B
42552,C
88894,E
60246,A
48158,A
33442,B
2377,B
9301,A
1531,C
84351,B
17178,D
90221,B
94553,C
11710,D
41431,B
3596,C
71502,C
65951,D
52886,D
67204,A
20921,C
77349,D
75297,A
75875,A
1657,C
15014,C
46826,A
1712,C
93810,D
19832,C
69973,C
54089,B
16270,A
50436,C
91075,D
42287,C
63073,D
4720,C
44351,D
9653,E
47939,D
43856,B
39391,B
35759,A
92855,C
63361,B
94720,C
60279,A
98797,C
66656,F
68968,D
23929,C
95095,C
20832,D
43173,E
53850,C
71074,A
31381,C
90146,C
83732,D
62321,C
47810,B
78041,A
17245,A
9679,C
20575,A
15799,C
52988,D
61190,B
83890,D
59057,B
6866,C
87796,A
7170,D
77565,C
41910,D
38222,C
41249,D
84514,B
48269,D
89458,B
82584,B
79419,C
49543,B
24175,A
82286,A
15429,C
88243,C
8619,C
57187,C
54862,C
95484,A
22378,B
37640,E
85265,A
6474,C
92505,A
63651,D
39147,D
60244,C
16737,B
2314,B
34068,C
33060,D
43667,B
57701,C
38402,A
9285,B
75336,B
82128,C
12778,A
54640,C
22681,A
67925,A
20228,C
94259,C
69628,B
78357,C
88048,A
54434,D
70864,A
29079,A
19237,C
82511,B
96412,C
49364,C
59856,B
11441,C
73986,A
13424,B
40791,B
68503,D
99726,A
73316,A
54251,A
83267,B
48402,D
37899,A
48677,B
5056,B
93163,B
8153,B
20430,C
77421,C
55670,C
69752,D
42682,B
6534,A
73101,B
11145,B
93219,C
37928,B
63412,D
11666,E
3311,D
96915,E
74799,C
93464,E
31167,C
48471,A
88992,C
70324,C
25369,B
7303,A
94744,E
15567,B
70668,D
29976,B
23812,A
71158,D
7322,A
24375,B
93376,B
18256,B
95922,C
38230,A
6,C
48771,C
48513,D
11491,B
50660,D
787,A
96017,D
12382,A
18515,B
74512,A
16709,A
25426,C
98896,C
20017,D
28084,B
48943,B
12832,A
30815,B
3787,C
10677,B
94554,B
4083,C
45213,A
16636,C
60159,C
98639,D
20221,A
46652,C
99466,E
64568,B
80457,C
47095,D
12658,C
90289,E
67599,E
22524,B
53635,C
28939,D
35001,C
33142,B
37271,C
9441,B
21159,D
61670,C
43519,C
46848,B
19572,A
14944,A
6470,C
20596,A
19714,C
4589,B
52920,C
13679,C
87177,D
75758,D
86165,B
39528,A
45241,B
21136,C
22284,D
32296,D
56637,D
34585,D
12991,E
55717,A
12585,C
38351,C
78930,B
82173,C
2324,D
38128,B
70024,D
3473,F
17858,E
97530,A
14492,C
82863,A
49563,B
49733,A
87086,B
97372,D
11049,C
85351,A
27506,C
66891,A
10561,A
31701,C
93752,A
11715,D
88595,C
365,B
16718,B
3786,C
48037,B
71959,C
52844,D
89047,E
85560,C
86147,C
22322,C
47285,B
93318,B
32201,C
27845,B
99076,C
9099,C
52230,B
60435,C
80428,D
57713,C
84995,C
86538,B
25608,B
60252,C
75172,B
19341,B
16555,B
87678,B
80254,C
51647,B
76917,B
55656,C
33316,B
37537,C
60277,A
98149,C
41676,B
8598,B
93617,C
30084,C
3481,D
23405,C
12559,D
89791,B
43132,D
49179,C
93873,C
79859,A
816,D
61649,E
68759,E
18766,A
60824,E
70002,C
56528,C
31752,A
58622,C
35687,C
22262,B
67223,C
24191,B
76932,C
56438,C
3368,B
20762,B
74630,C
55773,D
14148,A
49384,A
12321,C
57994,C
97866,A
35142,B
69392,D
50188,A
84220,B
9069,C
30611,D
94740,B
31965,B
12869,D
47161,C
18232,B
87730,B
19720,B
49480,C
58103,D
99386,C
85246,C
57461,C
14518,C
43858,D
96018,B
41438,C
21677,D
73936,B
8920,B
63095,B
88804,A
61817,A
15018,A
23760,C
32376,B
17509,C
10260,C
55327,C
81275,B
6775,B
25800,D
54760,A
32640,B
20745,A
73904,B
51290,B
29542,D
20371,B
99760,A
25517,C
81092,B
86476,B
32980,A
23855,D
24695,C
94671,C
82767,B
22804,B
81735,A
80583,D
98939,C
77050,A
2896,C
44133,B
21858,D
26092,D
33527,B
90347,C
13080,D
51984,E
80000,B
59371,F
89368,B
27127,B
93458,B
27176,C
65145,C
63459,C
45239,C
41534,A
28397,B
8337,B
385,C
80102,E
99436,C
67183,C
57166,C
32198,C
32103,B
52183,A
41836,A
13865,D
97901,C
36206,B
27323,B
74821,B
78135,E
69604,C
98472,B
26392,B
47687,B
3358,D
40417,A
65797,A
95950,D
77957,B
91768,C
8807,A
78247,C
17277,C
82433,D
18485,E
8174,C
97571,C
82096,A
55757,C
90611,B
8296,A
96863,E
66361,C
31736,D
58441,D
81785,C
76244,D
99706,A
28524,C
31201,D
6063,A
35318,B
49702,C
98891,B
35285,A
41176,B
62193,B
70782,A
37632,D
77192,F
15842,C
50485,B
31895,A
79354,C
29100,C
48987,C
41850,C
18785,B
3437,B
44903,C
76387,C
89643,D
42407,F
63125,D
66256,C
58326,D
87939,B
90126,B
10309,B
34325,C
40667,A
28686,B
69831,C
94169,B
95773,B
41520,D
44276,C
65439,D
18557,B
72116,B
18224,B
31151,B
52762,D
34425,B
4836,C
37168,D
85078,A
62742,B
52216,C
10990,C
67097,D
73127,B
57780,C
77039,E
18829,E
98856,C
95631,C
55115,B
37680,A
93651,A
56267,B
94243,D
30565,B
2349,C
22917,B
63560,A
27030,C
11783,D
54517,B
3239,C
10879,C
72867,A
28636,A
2891,A
90725,C
32721,E
41157,B
22810,C
87118,B
62736,C
85042,B
13797,C
4800,C
21837,C
50752,A
10281,B
87989,B
17315,B
32760,C
37430,B
79886,D
8046,B
86355,C
93709,B
93648,A
72993,B
23153,A
85569,C
61657,B
7194,C
59049,B
88861,D
37723,A
69591,B
35940,C
9136,D
49759,B
51604,C
37539,A
45850,C
92553,D
21691,B
28720,B
68397,B
64601,B
19236,B
59644,B
77199,C
25233,B
88379,E
29953,B
19272,D
9555,C
80463,D
86916,B
37744,D
33361,C
40295,E
26820,B
97973,C
20654,D
44138,B
19923,B
67931,C
75695,B
8600,C
68837,D
12708,A
27907,B
76652,D
21328,C
98612,C
70242,E
98361,C
21420,A
9807,A
30599,C
45280,B
8990,D
16775,C
53162,D
28115,D
15531,D
57126,C
27679,A
84963,A
18819,B
16178,B
61355,B
69622,B
4449,C
3237,B
75965,B
44812,B
84457,A
43462,C
44409,D
89825,C
16131,C
73405,C
75727,C
25270,C
87864,B
60333,C
51865,C
67739,E
62204,D
75153,B
52013,B
44607,A
79412,E
99166,B
15310,A
42895,C
37840,C
79103,C
73648,D
78512,E
34806,B
66368,C
3221,C
32671,E
86037,C
46323,B
79097,C
16532,B
87106,D
38442,A
85227,B
10025,E
56241,C
81218,C
59290,C
89963,B
69227,C
59520,B
85756,C
89226,A
82885,A
13301,C
30851,D
43524,C
65740,B
90170,C
12482,D
10612,B
26866,C
6505,C
64645,B
96151,C
84986,D
37815,A
49728,C
36071,D
22021,B
35997,B
72338,D
33581,B
36127,B
63528,A
98792,B
33360,C
6033,E
49623,C
33984,B
66595,C
14417,C
38398,C
93921,D
92009,D
44021,A
41841,B
24499,B
5737,D
33263,D
49707,C
16069,C
63923,C
30217,C
20805,C
78672,C
51279,D
6795,B
99018,D
66470,C
91358,B
88027,C
90963,B
67000,B
61567,C
87370,D
1725,C
18816,C
78582,D
55356,D
85597,A
96411,B
14346,B
51952,C
86579,E
15446,B
98884,D
80795,C
56504,C
70585,B
53131,A
99943,B
22745,B
52949,C
2080,C
69206,C
19972,B
25471,B
98700,C
61031,C
87264,C
65781,C
24077,D
56994,B
94736,C
24089,B
15755,B
25,A
35680,D
77345,A
79433,B
72153,B
85287,C
98593,E
69998,C
87515,B
12414,B
52666,C
70482,D
76607,C
28783,B
75896,D
34019,B
43307,B
74154,C
25476,B
74041,C
80120,B
47677,D
74953,A
59327,A
49531,B
4363,B
918,E
4216,A
74200,E
56069,A
37411,D
77722,B
86894,C
23409,A
60727,B
95420,B
79357,B
88195,B
5935,C
32824,B
6490,D
10590,B
10725,B
47639,C
75456,B
97424,C
88169,D
70363,C
59986,C
30735,B
56836,D
57156,D
77080,D
91562,A
89613,C
4801,C
81552,B
30185,D
6680,C
22694,D
19420,C
68739,F
53952,B
58204,C
95959,D
11698,A
93613,B
92367,A
66558,A
93027,C
46342,A
18508,F
28606,E
6947,B
47156,C
37610,A
80864,B
62202,B
6753,C
11341,C
61602,D
20061,C
89495,A
18049,C
44433,A
72644,C
6703,B
60013,C
36182,C
57835,A
63945,C
97054,E
55046,B
2648,B
45195,A
54972,B
62482,B
52,B
96350,B
57904,B
11744,C
52585,B
53940,B
73639,E
57485,C
77433,B
65773,B
28386,D
29202,A
66168,C
70892,D
92514,C
14319,B
75023,A
68287,A
58752,B
58478,C
69061,B
48006,C
50805,B
17348,C
51418,B
91027,C
2463,A
17554,A
79592,D
72222,B
38254,C
69674,C
4992,F
36769,E
95035,A
18135,A
82601,A
28275,B
60917,C
63019,C
5081,C
45131,B
4490,A
47809,B
88366,C
81950,B
75936,A
69222,D
96532,B
92982,B
20660,G
91148,D
80735,B
89008,C
33093,C
613,C
71385,D
91515,D
47499,B
44770,C
66971,C
24267,C
66896,D
24912,C
88431,D
42967,A
7794,C
65947,E
78373,E
43093,B
76236,B
51701,C
71415,C
61815,B
49306,B
22701,C
29404,A
98857,C
64040,C
60955,C
8258,D
78321,D
93470,B
93819,B
47756,B
92851,B
94342,C
38514,A
86426,C
8854,C
21478,C
31056,B
97053,D
3729,D
33623,B
47893,A
46452,C
13518,B
63390,B
17370,A
45018,B
69909,E
3398,A
83191,C
64384,C
76261,D
34545,C
66975,B
12734,B
75548,D
53172,B
28848,E
80557,C
73406,A
24637,C
30983,B
56777,D
79761,C
37153,C
46181,B
92376,B
26,C
15682,B
98656,E
56965,C
56206,C
60800,C
8364,C
50747,A
45740,E
79286,C
74241,C
28483,C
61323,C
94467,B
43566,D
43794,C
15109,C
95327,B
9698,C
83624,A
91096,B
49292,B
14258,A
3126,A
13426,C
53392,B
31933,C
47745,C
94500,C
20150,F
67419,A
2055,B
8963,D
83827,C
68148,C
48855,D
93989,B
55127,C
62751,C
61785,B
90026,C
98467,C
14263,D
60834,C
12806,C
75033,C
9925,A
64867,A
71159,C
76542,B
70221,E
60305,D
78606,C
5061,E
28015,B
22329,A
4644,B
90740,A
60685,B
54364,B
7016,C
58757,B
52089,D
43784,A
61717,B
14844,B
61395,C
7647,C
74433,B
79849,A
35487,E
21694,C
76057,A
19996,C
92765,B
82222,C
86780,E
23387,B
7864,E
14136,C
1879,C
23219,C
22647,B
89554,C
6651,C
54062,F
26191,D
33579,B
50759,C
63734,A
50050,C
57379,B
54688,D
50598,A
98117,D
51539,D
21648,F
70397,D
16683,C
28113,A
28592,C
14318,D
10436,B
76498,C
9837,B
48228,C
79920,B
28539,B
17433,F
1155,C
51597,D
53694,B
78021,B
69513,C
24624,B
81062,B
41049,C
17851,C
97177,D
33517,E
15548,D
96125,E
39213,C
87998,B
11682,C
83005,D
50255,B
81997,C
9613,E
68802,C
51278,F
72356,C
97739,C
40124,A
14069,A
55222,E
75746,D
71704,D
66449,C
39065,C
2636,C
67984,B
38600,E
5423,C
43904,D
72677,C
11898,D
698,C
3942,A
2805,D
61764,D
65730,B
85829,A
92141,C
85008,C
39337,B
1353,C
64524,C
95286,B
37630,A
26110,B
13375,C
54492,B
18137,E
92822,B
95721,B
91469,B
31242,C
23676,B
4414,C
81876,A
6259,C
13963,E
44538,D
8384,B
8393,F
59918,C
48280,B
10509,B
64932,C
44031,B
98053,C
62974,B
38837,B
55533,D
72897,D
574,C
15789,B
43606,B
25833,C
29385,D
41664,D
43737,E
59933,E
6062,B
50944,B
74795,C
24423,C
932,B
27462,E
47548,C
22707,B
97743,B
11005,B
7338,B
5390,D
35354,B
80394,B
53703,D
72828,C
11579,A
57101,D
26827,C
48007,D
48300,D
67543,C
23602,A
78029,B
82413,B
38749,C
82060,D
36166,C
66333,A
96860,A
92864,C
50690,C
75257,B
89189,A
44755,B
62177,A
90316,A
61029,B
36299,A
19032,C
97947,C
4661,D
43725,B
25016,B
92207,B
25422,A
67190,D
80333,D
47045,C
24872,A
51542,B
68000,B
88058,C
16791,C
69083,D
1514,D
79042,A
57798,B
87156,C
85420,E
28806,D
59046,B
91958,C
47560,E
83462,A
47688,D
879,C
44302,B
64045,B
66950,B
64461,D
13962,C
79303,B
57110,B
87905,C
87851,A
79673,C
78056,A
75484,B
47423,A
66012,B
49064,A
62298,C
78708,B
7773,D
64236,B
43239,C
21249,C
86100,C
32000,D
84288,B
70028,D
97502,C
43498,C
9960,D
52566,B
96970,B
33192,C
52074,D
93531,B
95967,D
99298,D
4517,C
81131,B
73837,B
66771,B
52262,C
54800,C
29000,D
6484,D
66596,B
22514,B
22127,D
69753,B
57709,C
98119,D
91173,C
91249,C
44365,B
1194,D
39400,A
68283,C
89911,E
36287,C
66097,C
4341,B
81396,C
82607,B
1336,B
28225,C
56615,B
55303,D
39500,D
42939,F
1591,B
57438,C
59841,E
51708,B
33225,B
25722,C
86340,A
75692,C
19711,D
46852,D
9949,C
88745,B
74158,A
86051,C
95025,B
56898,C
48630,C
42543,E
13201,A
43872,A
51475,B
17803,D
21781,C
32870,D
8888,E
375,E
2008,B
6469,B
83576,B
97558,C
53966,C
95208,A
56669,C
97810,C
89377,C
17387,A
18101,C
24037,C
53775,B
98416,C
36051,D
16065,A
20342,B
55866,B
8771,A
32120,C
93636,C
65902,B
55750,F
8022,E
62578,F
7191,B
73785,B
85460,B
48486,C
46377,A
84737,D
88607,C
4124,A
36331,D
5976,B
32661,D
92089,B
83488,B
33125,B
12124,B
61235,C
31437,B
61852,B
44329,C
79519,B
44372,B
96747,C
21131,C
20169,A
57360,A
54243,B
89681,B
91803,C
9509,D
88390,C
78310,B
73219,A
47086,B
1319,B
95269,C
67661,C
13085,D
19330,C
36543,D
72560,C
38509,C
37459,E
63538,B
36242,A
33751,B
26730,D
59128,D
7576,C
67937,A
8851,D
47535,C
51082,C
45830,C
27560,B
46077,A
72110,A
99756,A
50882,C
52266,C
50987,A
67950,A
4446,A
41325,C
36062,A
24846,B
29973,B
75395,C
71613,C
68531,C
5701,A
73118,A
8154,B
12992,A
33849,C
14360,A
63484,C
32806,C
45188,B
61406,E
6835,A
13996,B
81161,B
16883,B
63611,B
87759,A
60365,A
40756,E
3593,E
42571,E
64387,C
33111,A
98945,B
97462,C
34328,B
28572,D
94036,D
83131,A
15635,C
54007,B
66817,A
88604,E
37298,C
39871,B
39067,E
801,D
20629,C
86158,D
20768,C
53318,C
17490,C
13105,B
54386,C
63221,B
40649,C
42080,D
18228,A
4439,B
45522,C
20802,A
23604,C
30033,D
68346,A
49348,B
48439,D
29621,C
34811,C
51894,B
2245,B
69124,C
47344,D
71387,D
70360,D
87054,B
93733,C
35846,B
51962,C
56226,B
20334,A
93668,D
95452,D
6271,B
34197,C
12243,B
6903,A
21685,B
40239,C
18770,B
92358,A
55288,E
32262,D
49791,C
9045,D
29189,C
88970,C
93537,B
3613,B
68469,D
26267,B
63748,A
10995,B
20936,D
1448,B
46971,D
41185,B
67625,A
27404,A
59324,B
46847,D
42015,B
93845,B
24383,C
77594,D
23184,C
82445,C
24466,A
46416,A
92156,B
98151,B
39429,C
93303,E
75529,C
54207,C
90152,D
76864,C
17674,C
74508,C
73152,C
77412,B
71037,B
77548,C
21532,C
45050,B
47157,C
51522,C
17896,C
40940,D
55440,A
8243,C
33022,C
24705,B
3858,C
74550,B
92739,B
72482,A
83181,A
53132,C
41818,C
69494,C
82004,C
54409,D
34802,B
16208,C
39334,B
98138,A
43772,C
76268,C
89424,C
58209,A
4356,B
86846,C
61375,C
90779,C
43126,B
19676,C
45323,D
70072,D
13833,A
95925,A
20810,A
22078,C
90303,C
42073,C
74991,B
26683,D
74556,A
17835,A
2067,C
26717,C
56832,C
54696,D
65812,C
61856,B
83652,C
10429,C
71950,D
18477,C
76315,C
16978,E
57576,A
60064,C
79788,C
28528,C
22504,A
51136,B
5723,B
65362,C
5749,B
45746,C
54570,B
49508,C
65380,F
68663,C
30374,B
26408,C
13947,B
6016,D
28230,D
65091,A
19421,B
33794,A
54718,E
85513,B
47349,C
16279,E
18367,C
57813,F
51206,A
23848,D
43249,D
21242,B
97559,B
49800,C
79166,A
80234,A
33108,E
74828,E
27531,D
73479,B
26685,A
19325,B
52536,C
12174,C
9596,B
87761,B
47277,C
3108,B
28314,C
4127,B
67391,C
69421,D
69611,B
8834,B
33520,D
64485,C
63962,F
30777,A
41966,B
36872,A
42583,C
53762,A
37121,D
68506,C
56122,B
97282,C
98122,D
93011,C
41596,B
30856,D
22401,B
12221,C
3909,B
77544,A
39470,D
17593,B
26933,B
88755,B
46498,C
72720,B
51420,B
46135,E
49148,E
7580,A
86431,A
46835,B
79211,A
33714,B
93070,A
38146,C
67855,B
21406,D
77242,D
35226,D
34365,C
96167,E
71590,C
9858,B
33542,B
63647,C
19573,C
97489,B
44422,D
80436,A
47710,D
57184,C
89902,B
2319,E
53211,B
4128,B
87087,C
88015,B
866,B
61697,C
38249,B
58633,B
52243,C
96533,B
36205,D
90011,D
98012,B
18497,B
77622,B
28974,C
21869,A
14270,B
62465,A
99669,D
41150,C
82545,C
4022,F
17676,B
31946,C
96993,A
63562,B
26086,D
57938,C
17174,A
56912,C
81885,D
77153,A
47475,D
56901,D
61587,C
4292,B
97593,C
91779,B
54820,C
7244,C
50910,D
28002,B
71228,B
66784,A
32430,C
23195,B
72622,B
54995,C
79775,C
25897,C
95740,C
46588,B
10069,B
45095,A
73520,C
22433,C
27005,B
35311,C
11902,A
86519,D
98488,A
5877,B
13438,D
74609,C
6611,B
16951,B
89318,A
23535,E
84390,B
87744,B
15011,B
6543,B
88681,D
34746,B
6472,C
63787,B
21830,B
90863,C
4419,C
9565,D
88304,A
65570,A
83793,B
83551,D
28990,B
43576,B
5762,A
66545,C
38951,A
9351,D
48094,D
29528,F
88116,C
30699,B
62456,B
58705,C
63641,C
7466,A
22212,D
64297,B
27595,C
48183,B
59153,D
70133,A
76488,E
31013,B
77970,A
83766,E
34218,B
25532,C
22342,D
81219,E
8329,C
98413,B
28858,C
41455,C
382,E
62617,B
97562,D
31474,E
6595,B
60411,C
83610,C
3946,A
67416,C
9692,A
22275,D
77416,D
47478,C
98777,D
61372,D
12009,D
67885,D
13150,C
19971,B
80004,B
8749,B
60383,A
31122,B
82818,A
75391,A
78343,D
56689,D
83230,D
77200,E
95051,C
21806,A
58915,A
69520,B
35155,D
96157,B
22348,E
48949,C
44791,C
85139,B
51644,C
82235,C
66914,E
38663,A
3243,E
89662,C
70326,D
20035,A
51149,B
19307,D
52057,C
38968,D
64359,B
81660,B
46357,C
3241,D
79100,A
47896,C
79870,C
32165,D
88011,A
13234,A
55113,B
62227,C
41186,C
11412,A
38491,B
70437,E
85146,C
14870,C
86854,A
21983,C
17416,B
78258,B
89517,C
10539,D
38344,B
18647,A
47675,A
33736,D
65028,C
84684,B
20089,E
34327,C
42562,C
46946,D
43736,A
77760,D
74592,C
94364,B
41081,B
1751,B
97541,C
97073,A
73530,A
64346,C
69766,A
84620,B
65023,B
54695,A
30256,C
19072,C
35368,B
27922,B
5517,B
10699,C
92528,B
64865,A
32453,D
15532,C
46282,C
87581,A
68551,A
98342,B
57282,C
17860,C
16432,A
30630,C
7957,C
76226,C
19250,B
67733,C
46003,B
95761,B
41329,E
30744,D
62186,D
66662,A
12807,C
32338,B
81029,B
29927,B
34434,B
74047,D
9246,D
97454,E
99533,D
1602,C
17983,B
49937,B
56,E
17252,C
46950,B
85611,C
61912,D
60248,B
54199,B
1481,A
20457,E
16795,C
61070,D
71021,C
85600,B
8320,C
95981,C
99951,A
37286,B
91935,A
21438,B
6051,B
94340,D
95466,B
64416,D
57357,A
96528,C
75305,C
42290,C
2201,A
1057,E
58777,A
9333,B
92966,B
69997,C
95295,C
60676,D
93078,B
59162,D
2749,A
26860,D
9768,D
56531,D
68946,B
66644,B
41331,C
14974,C
94872,A
88649,A
69441,C
59310,C
53412,D
32693,C
40106,B
21635,B
82585,B
47527,B
4953,A
54025,B
47572,C
187,A
8091,C
1623,C
51482,D
25251,A
10563,B
7989,B
36755,D
57568,A
89577,A
85744,C
67033,E
54079,D
77428,C
24896,C
464,A
60245,E
91302,B
98630,A
29560,C
43183,B
64554,C
57952,B
10744,B
43072,B
99075,A
54811,B
34905,C
49581,B
30749,E
9461,F
24492,B
40104,B
80944,B
10152,B
82704,C
94130,B
78332,B
13592,B
12858,D
8441,C
61678,C
19538,B
76401,A
66523,B
17828,B
48258,C
87150,B
80801,A
74175,D
40495,B
72903,C
16911,D
58437,B
12202,D
86611,C
2880,A
17198,D
50517,D
21688,D
5611,C
10461,A
57222,B
86275,A
88378,C
68808,B
60397,A
3573,A
32915,D
40891,D
37672,B
98900,B
58680,C
74467,B
1218,E
81895,C
58713,C
32913,A
40549,B
50766,D
98580,A
63754,B
16314,E
10606,B
40005,B
3539,C
12687,B
71465,C
30349,B
16213,C
49772,A
27991,A
39440,C
37040,C
5937,B
57313,B
30237,D
60050,C
77404,B
52334,C
48503,E
20357,C
36254,A
84893,C
68664,D
24005,D
86636,C
75151,B
26886,C
31610,C
54273,C
32658,D
52903,B
95451,C
55935,C
5892,C
95004,C
74085,D
24893,A
12972,C
82091,C
57074,C
43595,A
33422,A
46398,B
45827,B
27202,B
6785,C
68707,F
44254,A
73880,D
32347,C
88875,A
55074,B
71797,C
12190,A
43347,B
23294,A
5530,A
47051,E
15537,A
33403,A
22659,B
85637,C
62012,A
85428,B
18893,A
68212,D
99519,C
60799,A
18768,C
22570,F
60844,A
65427,A
97327,B
78579,B
66892,D
13892,A
96631,C
12276,C
17733,B
66579,C
2091,D
63516,A
3834,A
78819,B
86199,A
91558,C
32393,D
55896,A
13401,C
21165,B
27274,E
93505,D
44914,A
37576,C
54420,A
24034,A
90151,B
12789,C
40938,C
26536,B
99880,A
93579,C
69113,B
14689,B
11752,C
24971,C
20990,C
962,B
23579,A
9567,B
32677,D
16875,B
47844,B
88416,B
72455,B
10889,D
44066,C
23124,C
91223,C
99158,E
64512,D
8113,E
80015,C
860,C
57601,B
84362,C
91015,C
19891,B
91810,B
53385,B
78970,A
2995,C
53852,D
72206,G
51201,A
26352,C
88513,A
4507,E
61894,B
56988,A
60769,C
64707,A
72464,C
95980,A
2830,B
34601,B
47614,B
3693,D
96800,C
89964,B
12333,C
45811,B
66234,E
81753,C
99584,C
91225,B
47683,A
36180,C
26141,A
84050,B
20461,C
86479,B
51382,C
16757,C
98211,B
76847,C
82660,B
81026,C
25399,A
4770,C
65208,D
68903,B
46086,B
75748,B
65661,E
25406,C
28631,C
98948,D
95774,D
19461,C
94727,C
47410,B
38765,B
48241,B
45006,D
95381,C
97868,D
21719,B
64930,C
14618,C
60351,C
34388,C
72822,A
76293,B
13362,C
79614,D
83938,A
16769,E
68374,D
93407,C
85254,C
88836,C
93913,C
64974,C
99094,C
10390,B
90358,C
67541,C
93904,A
7677,A
95442,C
13314,B
73300,C
53465,B
36157,B
51929,B
86877,B
58401,B
18202,A
60840,B
54395,C
50377,C
83408,E
57125,A
82637,D
40932,D
77033,C
6697,B
17701,C
24774,D
2778,D
34427,C
18907,A
70547,B
51050,A
88430,A
63028,B
22741,C
35230,C
42769,B
76672,C
5757,C
75353,C
33261,C
41864,B
37645,B
80937,A
15612,B
57328,C
5214,B
16950,F
69937,B
13372,B
73308,B
48251,B
47705,A
7040,C
56611,C
12935,C
90339,A
16677,B
25856,E
94894,C
93729,A
13754,C
78111,C
65152,B
49125,A
18841,B
66121,B
28207,B
79001,A
92356,B
34116,B
70291,C
20968,E
56726,C
27949,D
69108,C
75246,C
19821,B
34454,B
27412,A
16313,E
8528,C
31268,C
42130,E
9092,A
33906,B
20074,A
87479,C
71040,C
52876,C
28278,D
5930,C
44980,C
71492,C
11026,A
19861,A
61337,A
82205,B
63327,C
77177,B
52206,A
531,B
79183,D
55488,B
5430,B
11143,B
28867,C
80936,C
28449,B
1991,C
62108,C
25283,B
46648,B
34621,B
89863,C
14071,B
47383,D
98741,C
19940,C
70569,D
27996,B
12492,D
32555,C
44926,D
58518,A
66199,A
26505,A
57885,B
12679,A
28984,B
8609,A
69098,A
6561,C
28667,A
28484,A
61829,C
14810,C
29258,B
25678,A
46020,D
25611,C
21250,B
26775,B
41128,B
53398,C
7849,B
27301,C
51286,A
4895,A
14201,D
4927,A
88093,C
31141,C
74250,C
53801,B
69062,B
16845,B
20641,A
21445,A
66795,B
57312,C
22773,C
3163,D
39934,A
72682,C
14369,D
7750,C
44440,B
40582,E
43975,D
88963,B
76470,C
26544,B
89721,D
13422,C
36381,A
91681,A
28317,F
71642,B
4551,B
714,D
69757,D
54960,C
20095,C
81454,B
35806,B
59212,C
65139,B
4771,C
80261,A
33129,D
71670,C
75415,E
6698,D
83471,E
63241,D
60561,C
28034,B
74824,D
95164,B
87594,B
27115,D
90408,C
96282,C
87725,C
62019,A
76801,D
57817,A
68599,C
40462,C
41258,C
1715,B
28743,D
4196,E
92578,E
57367,B
15589,B
91698,C
50453,C
37984,A
91701,C
93988,D
34493,B
14055,E
26099,B
78317,C
78316,A
15496,A
37007,C
7006,C
77741,B
18373,B
36118,D
36194,D
11959,A
56127,C
23643,C
30192,E
75127,D
30620,D
40900,B
57147,C
99748,A
84795,A
66801,A
97967,C
39547,D
27736,B
69630,E
74782,C
45883,C
30113,B
96501,C
87447,B
62874,B
84769,D
49739,D
86503,C
3391,A
87820,B
47664,D
99364,B
31937,A
19498,B
89985,B
40136,C
38714,B
16167,A
94093,E
34840,B
57878,A
68602,A
52157,C
12231,A
82320,D
67372,C
15297,C
30101,B
23969,C
17420,C
67012,A
6069,D
15647,A
37543,D
50596,B
75525,C
84153,A
37377,D
2499,E
65466,C
48853,A
22387,A
47502,A
79236,C
14776,B
4681,B
13227,B
32881,A
31177,C
88213,B
31878,B
46090,A
92058,D
28438,C
48171,D
73086,B
97957,C
4448,D
62391,C
96235,B
46419,A
64430,C
15029,D
65338,B
62389,C
49636,A
37366,C
95313,B
86537,C
40751,D
80140,C
10956,C
64009,B
84124,B
16265,C
22928,B
23297,C
40760,C
85330,A
91105,C
14061,C
77173,B
97879,C
61513,D
83258,D
29888,C
76888,D
16276,E
48275,C
81964,C
90268,B
8391,A
41342,C
1122,A
47377,D
34532,C
83324,E
2611,E
92919,E
10428,D
56967,A
48773,C
51784,E
76679,D
11819,B
13639,D
22648,C
65207,D
36620,C
57620,B
74297,B
73496,C
94375,B
302,D
73930,B
1828,B
91533,B
17914,D
13263,C
5807,A
7471,C
76249,D
11163,B
17757,C
86075,B
19112,G
34318,D
2526,C
45823,C
4091,B
78249,D
12941,D
17397,C
16110,B
8209,A
32410,C
59716,D
71419,B
13428,C
75980,A
66473,B
93194,E
98236,B
97194,A
59399,B
68952,C
79773,B
45277,C
30100,B
89228,C
32313,B
20577,D
17429,B
98508,D
17139,B
24604,C
96924,C
8373,C
91864,D
24464,C
83437,A
92698,C
75876,C
92868,C
1059,A
10325,C
13866,D
52101,A
99077,C
18418,B
46992,B
49334,C
13181,C
84370,E
76887,B
29513,B
58174,C
46168,D
62987,B
9634,B
11046,C
87829,B
53540,B
47414,B
79026,A
50296,C
22222,B
77981,C
38150,A
6973,D
32147,B
85877,A
2194,C
86615,A
39293,D
55620,B
57154,E
18337,D
97320,B
58383,A
22903,B
21775,B
32728,C
51691,D
55459,D
58315,B
91475,D
5044,C
65,D
98519,B
66354,E
68671,G
66736,C
85795,C
60205,B
55566,C
89400,B
83286,B
21891,B
93459,C
56179,A
43416,A
19662,C
98757,A
67968,C
79623,B
68548,C
59780,A
17770,D
92540,C
79346,A
18947,C
86193,C
52402,B
82723,C
45102,A
85897,A
682,C
57946,C
42934,A
66341,B
7384,C
47362,A
96583,E
96391,B
20055,C
17273,B
8309,D
55683,C
8534,C
92261,C
25589,C
80005,D
78624,C
82012,C
25490,D
64877,C
80715,B
32689,B
91582,B
75763,C
33501,C
59106,A
34612,C
42054,A
73811,A
40698,C
88926,D
80279,C
9381,C
31825,A
92521,B
10363,A
59161,D
78422,C
16296,A
92475,B
7579,B
43957,D
42638,B
11205,A
37611,B
85193,C
35006,C
38789,B
47783,C
81643,C
10387,B
82615,C
7857,B
79440,D
78419,C
61106,B
16496,B
83840,B
89498,E
94883,B
36643,A
40827,B
25120,B
53908,A
6838,A
76902,B
46036,C
10000,B
82934,B
18315,A
61346,C
53258,A
9394,C
89534,A
95464,B
80260,D
2002,A
28564,C
55587,A
99170,B
16041,B
54282,C
60175,C
60055,C
40564,B
41769,C
71446,B
97616,A
86429,A
36246,C
9207,C
11234,B
5717,C
73231,A
33971,C
10234,B
33085,B
26132,B
85044,B
76364,B
15690,B
99363,B
16781,B
71748,C
53906,A
19264,A
83988,A
75016,B
39475,B
67654,C
53941,E
47545,B
2867,C
14903,D
8463,A
25537,D
2767,E
79152,C
46520,C
48056,D
8597,C
34165,D
59264,A
90207,B
96748,A
19291,C
41340,B
81499,A
75750,B
75962,C
46683,C
42830,B
65946,C
95791,B
62576,B
85793,D
89096,B
93559,A
69463,C
5573,D
34717,D
25047,C
30586,B
48116,B
41512,B
74615,B
45642,A
70703,A
17766,B
1811,A
76658,C
40397,B
3468,E
21216,A
53372,B
77142,E
29141,B
75908,B
37263,C
63798,D
80155,B
53945,B
36867,A
87436,C
2784,E
1870,E
16773,B
78087,B
57047,D
24164,D
16006,A
33948,B
44883,B
45288,B
96023,C
6495,B
44733,A
16535,D
61944,A
20237,B
18916,D
10130,E
17966,B
41788,B
8317,B
63502,C
2686,C
10711,B
99459,C
62795,B
26616,B
81557,B
40774,A
1167,B
13522,A
93932,C
97500,D
328,C
79923,B
80682,B
75295,B
90994,C
72194,C
96757,B
56797,A
34329,B
61416,C
70194,C
14990,B
99981,D
20789,F
42526,B
74293,C
7770,B
31836,B
48684,B
64569,A
9810,A
25801,B
83472,C
21547,D
85137,A
17677,A
29101,C
14873,B
93436,B
58365,B
74735,C
80076,A
48004,A
18175,D
13138,C
35734,C
6783,B
34002,B
88271,B
7222,A
3261,D
88085,A
49368,B
76564,C
24788,B
23780,F
10452,A
30569,C
12402,B
96513,C
47737,C
64350,C
76335,B
38905,A
40073,A
69334,C
51137,D
4438,C
76186,A
32253,C
85933,D
5528,B
95607,B
34694,C
63670,B
56958,B
72606,A
6196,D
278,B
70607,C
25662,B
44037,D
70748,E
88821,B
45364,B
45299,C
7059,A
95687,E
67242,C
50364,C
934,B
69424,C
41193,D
93575,B
22968,B
58372,D
53970,B
10521,A
22832,E
19513,C
79521,B
44431,B
24223,D
98904,D
73075,C
9741,B
18414,B
44362,B
91383,E
59595,C
88202,E
43740,C
39462,B
76061,A
61740,B
99372,C
57106,A
30940,B
35197,D
48399,C
42897,B
88873,E
75718,E
83361,C
77867,C
56491,C
1954,A
82446,E
4141,A
59903,C
83101,A
80277,B
11434,C
5161,C
48154,C
94107,B
13899,C
87650,A
13396,C
10837,F
49832,C
58319,A
19846,C
92463,C
50005,A
34942,B
81398,D
15291,B
20532,C
83876,C
52118,A
26593,A
76531,D
2476,B
30531,C
89839,A
96983,A
62445,D
8245,C
86860,D
16758,D
62844,E
63392,C
25142,C
95366,C
53526,C
62797,B
22760,A
4561,B
58671,B
501,B
660,C
26288,B
13575,E
63174,C
3427,D
26821,B
59096,A
55858,C
78658,C
40453,C
7402,D
88557,C
72332,B
45509,B
35488,D
69852,B
86781,A
26540,C
54879,B
33600,C
96998,B
27733,B
96869,B
30086,C
41696,C
25196,B
49554,C
30568,D
69932,D
69131,C
10918,C
89201,C
56923,B
49927,C
65530,C
66756,C
34560,D
80519,B
5820,B
25335,C
2550,C
45534,D
8185,C
53917,C
22379,B
14999,D
82617,A
61799,D
43823,A
60559,A
34351,C
89272,A
84657,A
21595,D
67876,B
35121,A
34188,C
96279,C
40236,C
96312,C
41703,B
23702,A
32965,C
76408,B
78576,B
59291,A
93086,B
20979,B
9051,A
64508,C
11568,D
47734,A
40215,C
52926,B
73396,C
54499,D
30964,D
67493,A
96065,A
97495,E
43190,E
63634,B
95179,B
89749,C
7892,B
43555,E
62432,F
6887,B
75331,C
22864,C
31770,C
26479,C
85221,C
29460,C
10987,A
41693,B
86825,B
70390,D
52064,B
39434,D
34952,C
87359,B
98460,C
44988,D
78392,B
33983,A
86475,C
72035,A
9745,B
87173,A
36699,F
58206,C
1231,B
7133,B
61326,C
98483,B
53332,B
26477,B
74818,B
30651,C
72099,D
60806,B
49397,B
69709,B
52225,A
24521,C
63001,C
31835,D
85389,B
58393,D
64909,E
7164,B
39752,B
62560,C
16342,B
60950,B
91851,B
24980,C
10286,B
12985,A
77461,D
43037,E
2785,C
73722,C
30691,D
20681,C
7192,B
57629,C
19692,C
89891,B
70295,B
88730,B
40286,D
75422,D
91268,C
93347,D
66344,C
5058,B
54543,D
63840,B
15704,B
64355,C
62387,C
45290,C
53074,F
70321,A
59109,C
45478,A
14965,F
93553,B
90421,C
97565,A
27395,B
65158,F
91977,C
38731,B
74597,B
59403,A
63802,C
85821,C
77823,C
94431,C
20657,B
59749,A
77810,C
13502,C
2482,C
71341,C
8961,C
32464,C
61551,B
64757,B
40086,B
64393,A
91198,B
19734,C
59003,B
2816,A
69496,C
85814,C
90214,D
30200,B
35770,C
13160,C
59659,C
80110,C
54401,C
29984,C
32284,B
71130,C
42950,B
4943,B
90256,B
6230,C
23399,C
43431,C
11156,E
44966,D
91711,C
35160,A
30339,B
46845,E
52159,A
67866,C
55458,A
47674,E
10029,D
31488,C
57659,C
7047,B
52071,A
37006,C
24417,C
70517,B
43811,D
54325,B
63993,B
94528,B
21926,C
85412,D
64319,B
3890,C
3634,B
41334,B
32048,A
50373,B
54362,D
26947,C
63987,C
26160,B
8951,A
84723,B
64818,E
55613,C
37441,A
53152,B
12652,C
34159,B
410,A
7020,A
64863,B
4064,B
62941,B
72820,C
66013,D
22280,B
75573,C
99950,B
48362,B
937,B
83516,C
53928,B
30321,C
2706,B
7141,B
51670,C
45270,D
67951,B
34284,A
29879,A
70222,B
22117,B
56779,B
82590,C
954,A
22824,C
38649,A
33887,A
88082,D
97131,A
73740,A
85629,A
9400,B
58341,A
79900,B
39133,E
67292,B
13800,B
74985,C
52894,B
37342,A
96201,B
57385,B
74311,B
51504,C
45620,B
32886,B
80783,A
73455,C
89968,A
46760,B
32711,B
56427,C
90953,A
16819,C
97708,C
96620,B
10647,B
13696,E
56103,B
72980,C
24063,D
94999,A
74403,B
11044,B
44535,C
66624,C
55860,B
23721,A
3383,C
62702,A
10115,B
34145,D
31423,C
39138,B
68855,E
20821,B
54828,C
91170,C
32332,C
81040,A
2058,A
17915,B
83866,C
76285,C
93649,B
88184,A
11506,D
85059,D
2513,D
99546,B
95267,A
33043,C
80909,C
5901,A
66428,A
59216,A
66208,D
18676,B
72572,F
57941,B
54206,A
41602,A
22836,B
81444,E
86122,B
23367,C
86811,C
89488,B
85243,C
38707,A
48632,C
6924,B
86683,A
99340,C
84571,D
51439,B
26372,C
63537,C
3008,E
46040,B
34684,A
56852,C
95463,C
41998,C
62269,D
56641,B
54457,B
22300,C
48769,D
15861,C
93023,C
61723,B
3600,C
6224,C
69318,D
37855,E
78144,C
26753,B
62630,B
53025,A
24714,B
70940,B
87965,C
41922,A
89109,C
8910,B
98350,A
11683,C
85550,C
5424,B
90489,B
60338,C
1341,B
9705,C
94665,B
97710,C
35452,C
59732,B
15437,C
35914,B
88408,D
67448,A
62911,B
79917,A
61084,C
7949,C
36407,A
97600,D
97169,D
53824,D
31341,B
25108,C
43990,C
25446,B
54847,A
33390,B
23449,B
76893,C
72210,B
35107,C
18733,B
65418,B
8326,E
53845,C
66056,C
59859,A
27101,B
37066,C
93801,B
27076,B
19669,B
82434,B
91798,B
28177,C
75607,C
8033,D
8936,A
30458,A
50845,A
72660,A
63163,B
27349,A
6692,C
13312,A
79404,B
33990,C
79333,E
57960,A
18498,C
99942,C
90236,B
73292,D
64185,B
17440,A
78174,D
42817,B
95732,B
49493,C
86751,A
93609,C
11360,F
23035,C
97074,D
59396,F
51047,D
48021,C
86633,C
51333,B
69137,C
33626,C
49592,E
23484,C
60853,A
94678,A
56980,C
10440,C
38424,B
43164,D
50785,B
67357,B
68484,B
6954,D
65915,B
76060,B
71956,D
3046,C
1006,C
3034,C
29176,A
98740,C
55285,B
54575,E
45155,C
45322,C
41085,C
79753,D
71023,A
86258,B
30832,C
71333,C
60949,A
96463,C
54619,B
73026,B
13136,B
91441,E
62463,C
45596,C
6736,C
70231,B
87304,B
51052,E
79066,B
1003,B
26855,C
95287,A
56571,C
74536,A
81128,C
87191,B
64802,B
87606,B
64611,A
51665,B
61933,C
96950,C
64108,C
87612,C
20676,B
4429,C
98269,A
68747,A
44955,B
11844,B
3741,C
49454,A
14098,C
27806,E
68325,B
71711,A
20627,A
25051,A
66216,C
2695,B
82029,D
22477,B
90210,C
16406,B
45949,C
51334,C
97281,B
80603,C
94754,B
52912,A
16930,A
16504,B
89219,C
87331,C
36841,A
5803,C
23033,B
13297,C
88782,D
56820,C
74929,D
74455,D
95957,B
10514,D
67348,B
35503,B
22875,C
99361,C
92193,C
93644,D
43293,F
82551,C
42309,D
77117,D
27842,C
84025,B
37435,B
95512,C
63067,C
48090,B
87185,B
47910,A
34248,D
74055,C
24584,C
91823,C
75496,C
95695,C
90745,A
12725,B
15740,C
91840,B
83615,C
77792,B
15839,C
55651,C
50819,B
5348,B
59653,B
90398,B
40934,A
40727,C
30177,D
22310,C
75743,A
89310,C
59556,D
86782,C
52488,C
20504,B
28202,C
13448,B
19510,A
33595,C
45414,C
13394,C
10765,B
60605,C
81579,C
11169,B
7243,B
48,D
61209,C
56274,C
72617,C
86167,C
71944,D
78942,C
59053,C
52760,B
76831,B
35164,B
29733,C
81583,B
92624,B
87424,C
98541,C
4712,B
56853,C
77022,D
28021,B
72500,B
84164,D
54226,D
76861,A
73583,E
21013,B
89671,A
51508,D
22268,B
6937,B
34670,C
91214,D
42236,D
35775,C
27026,B
38983,A
76986,C
9763,C
77134,A
23335,B
29680,E
17734,C
48316,A
22080,A
89464,C
57635,C
75766,B
5898,D
50123,C
19194,A
43074,A
92471,B
50904,B
99095,B
13703,C
19880,A
26373,C
88301,B
73556,C
19520,B
15154,E
38947,C
90200,B
44868,B
42951,E
38026,C
55424,D
87689,C
98707,C
34762,D
52458,D
53730,A
66682,B
41485,C
12615,A
38136,B
77231,B
51130,B
42058,F
63471,B
21145,A
91740,C
83935,D
89605,B
50414,B
30264,C
1630,D
14738,C
1412,E
51425,B
40525,C
88171,C
6149,B
48874,C
36390,E
48377,D
82153,A
41053,C
13067,A
32401,C
85832,B
54400,D
96678,C
89069,C
40422,B
67578,B
17560,B
37856,C
86960,A
4470,D
73271,D
41023,A
71348,C
55761,C
40436,B
52328,B
27184,C
58396,A
98634,B
41766,D
74881,B
38893,C
70757,C
22023,A
10336,C
94209,D
73517,E
48667,C
15561,C
95394,B
4200,D
71075,D
18261,F
80796,C
77193,C
49285,D
38701,D
17021,B
51263,A
19597,D
46312,C
51490,B
98708,A
88816,E
88089,B
3343,C
61417,B
61772,D
92128,E
29279,C
42150,B
16848,B
71776,C
15883,B
10960,C
6858,B
61967,D
78675,D
4534,B
51025,C
5449,D
8357,A
38565,B
57178,A
50211,B
96707,B
57908,B
26166,D
13010,A
74563,D
36375,D
60054,B
89629,C
96271,C
67569,B
39570,E
51054,A
90744,A
64047,C
87400,A
74098,A
41803,C
54184,C
97439,B
45435,F
1466,B
88054,D
36965,D
10135,A
86832,B
69299,C
25559,C
301,A
49034,B
95323,C
43268,B
15027,A
41459,A
94592,F
29145,C
34348,C
76220,B
52908,A
71011,C
320,A
64076,A
92510,A
2276,D
8130,B
67476,A
75130,A
8844,C
36512,B
34510,D
11147,C
67842,F
56367,D
74271,B
74224,B
33674,C
42249,A
79967,B
3905,C
30653,D
6719,A
27657,B
31912,C
30465,B
37119,C
4140,A
13365,A
10462,C
82277,A
70792,A
50979,B
81362,D
50833,A
60945,A
97267,E
4761,B
539,B
90258,A
70530,B
93185,A
17889,C
19799,A
69661,A
18190,C
36791,C
51,B
34439,C
10544,B
4268,C
20779,C
31037,C
19392,C
28549,A
35898,C
13709,B
41454,C
95363,A
44348,C
89972,C
11991,C
49370,C
80290,B
44781,B
11736,B
20941,B
34981,C
28980,C
65429,C
94337,B
68558,A
26194,C
21935,D
57832,B
34308,E
86059,D
98278,C
83741,C
69239,A
74424,C
3740,D
66861,C
77554,B
3169,C
55508,B
91939,A
66337,B
59098,B
95692,C
19768,B
59132,C
80393,C
9891,B
85039,B
7983,B
88596,C
41232,B
63632,C
81628,B
6682,E
48591,A
54154,A
1519,C
12068,B
83656,B
41722,A
98065,C
48937,A
48015,A
12409,B
13616,C
93047,C
71926,B
44225,D
42608,D
97540,A
34343,C
223,A
59362,C
29174,C
26065,A
12968,B
7048,C
7095,D
33808,C
40740,C
20317,C
26483,B
23118,D
53438,C
1493,A
81881,E
81054,D
25498,B
65624,B
34577,D
84307,C
48062,B
30684,E
79074,B
91897,B
26017,A
38005,B
88282,C
8122,A
26188,D
49497,B
52705,D
12056,A
95646,B
87235,C
63109,B
66202,C
80696,B
53612,C
96989,D
85951,C
47435,C
94846,D
36482,C
52867,C
39691,E
89167,A
89923,B
63595,C
3644,B
42474,C
28542,B
87751,B
61655,B
9429,C
70888,A
42777,A
90157,C
29960,A
46764,B
61325,C
15054,D
94795,B
2584,C
35240,F
82995,A
60158,B
99433,A
21893,C
75960,B
88459,C
95665,D
13125,C
37590,B
77650,C
75355,C
49703,A
61138,C
68016,C
4782,B
79167,B
79735,C
40249,C
84547,C
20330,A
22600,B
46187,A
27805,D
40253,D
5359,D
40229,C
68376,B
64398,A
53742,A
69006,C
56140,D
70064,F
50555,B
16128,B
87600,C
58833,C
91953,C
10929,C
41561,B
41148,B
87920,A
89103,C
97437,B
3294,A
6012,C
79443,C
58088,B
73983,A
79184,C
34016,A
67926,B
16303,B
47532,A
59781,C
90797,D
5551,B
64019,B
80955,E
84874,B
29428,B
91783,B
67995,D
14975,D
49321,B
41308,D
71588,D
19545,C
66959,B
84766,B
68141,A
13083,A
25772,C
12937,B
5074,D
91045,E
69109,C
97805,C
2649,C
19030,A
9010,D
96146,D
76397,C
95766,C
97183,D
24711,B
74502,B
82367,D
26446,C
76324,C
52383,C
39477,C
36878,A
90390,B
77897,B
92425,B
76787,B
87242,E
43107,B
29346,A
46475,C
55365,D
3049,C
72675,E
28001,B
89126,B
95214,E
63152,B
25523,D
75954,B
77533,A
51049,B
65985,B
92133,B
21317,C
46703,B
96549,B
16905,A
49059,E
45117,D
96673,D
72477,A
42673,D
66207,B
33741,D
4421,A
14107,C
84265,D
63927,B
38219,B
15044,B
2076,E
48266,C
1599,C
91576,C
41937,B
2661,B
24793,B
42308,A
52607,B
35809,D
29058,A
46268,B
692,D
49782,D
98782,E
77020,C
82762,A
7526,C
29379,B
99348,B
41405,B
47661,A
50689,C
91177,E
5685,B
89989,C
3549,A
42515,C
1652,B
31583,B
41668,B
65949,A
59575,B
40421,E
25778,F
20075,C
5203,C
93902,B
87597,E
68954,C
38263,D
69620,B
94605,B
26138,D
4678,E
11416,D
85938,B
71239,C
28881,A
69605,C
30535,A
62234,B
12032,C
37149,A
71174,D
18845,C
88544,C
40245,A
5422,A
52129,D
95367,B
28217,C
55756,B
13041,B
18495,E
82546,B
87717,B
9992,D
81213,B
74048,A
7587,A
34681,B
72880,A
38000,C
12206,A
63728,C
634,B
19205,B
65767,A
56748,C
82057,A
46005,C
4894,D
26574,E
91618,B
26964,B
73463,B
56257,C
61293,D
95561,B
21543,D
68842,A
56915,B
5013,B
24607,B
63153,E
25958,A
68186,C
76173,C
15252,C
76600,B
40305,C
53232,C
49977,C
658,C
78319,C
23285,B
85416,B
70461,C
60259,B
84853,E
70169,D
46225,C
85716,B
75440,B
5844,D
83024,E
86623,C
66039,D
90644,C
25277,B
2589,C
87397,C
91094,C
72280,B
52932,C
35133,B
7676,A
91508,C
4347,B
4714,B
26243,B
40586,A
37004,B
94561,B
97838,B
24259,A
59417,C
37117,D
42556,D
735,A
85817,C
45423,E
12207,C
72754,C
28982,D
14692,D
18180,C
19009,C
70415,B
42161,C
20900,D
59767,B
79165,B
19271,C
76000,C
8601,C
41188,B
29314,A
2051,A
22152,E
40577,C
46860,B
69435,B
66089,A
25993,B
4305,A
91548,B
72152,A
22259,B
57810,E
51626,A
21031,C
68675,C
62979,A
60601,D
89143,E
54691,B
8519,A
8682,C
1442,B
38865,A
99023,C
51175,A
37312,A
74315,B
33510,B
83310,D
90230,A
74884,C
81629,D
68324,B
12210,A
7813,B
49416,B
26888,E
85727,E
75409,D
55881,B
67706,B
59175,C
19700,B
75145,A
61042,C
43434,B
27347,E
34531,F
83232,B
77066,A
79890,B
72173,C
40887,C
38912,A
58317,B
36369,C
80184,B
34875,A
14892,B
77491,A
10334,A
81952,D
97833,B
16956,C
44665,C
30212,D
87261,E
59198,B
21055,A
19819,B
64837,E
59988,C
84790,D
33134,A
24744,A
15990,A
11591,D
43688,C
92010,C
51271,A
49601,B
17314,G
5439,A
71151,C
51828,B
19640,D
28831,A
86771,A
46777,C
65893,C
57933,C
42671,B
40903,B
68583,B
45594,C
49752,B
85896,A
2189,C
56756,C
72992,C
48342,B
22390,C
1069,B
28024,B
22675,C
81719,C
85771,C
43954,B
41163,A
91110,A
6770,A
16043,C
98681,A
22517,C
1192,D
64482,C
98869,D
20988,A
5379,D
47758,C
52122,A
54642,C
14278,A
98400,C
24202,D
49973,C
86750,B
26875,B
17376,A
191,C
55142,B
41846,D
23830,B
8355,E
12803,B
56224,B
45792,B
60628,C
74626,C
55386,B
55236,E
90708,B
32523,E
93126,D
34699,D
76516,B
80073,B
31398,C
58377,B
36732,C
8158,C
11127,B
78743,B
69992,C
31618,B
62943,B
79797,E
38096,C
53248,B
74882,C
83189,B
1477,B
59120,C
20432,A
885,C
96040,E
43207,C
6107,C
46823,B
79602,D
26208,A
53174,C
77363,B
5302,E
69416,C
15405,B
38010,C
49030,B
40002,B
2302,C
10072,D
40227,C
85704,D
91844,B
86857,B
7577,A
26677,C
38801,C
14004,C
14642,B
15006,B
20200,D
97149,C
76829,D
48239,C
72640,B
24209,A
58472,C
82838,C
29784,D
33723,B
23825,D
12401,F
71214,A
6371,A
11811,D
56731,C
7473,E
56251,E
77788,A
9695,C
86975,A
84422,B
35075,B
90850,A
33516,D
56678,C
89157,C
87571,B
21878,A
40905,A
33186,C
30757,B
24902,D
26309,A
95685,D
38755,C
90887,E
74422,E
508,D
8363,C
7067,C
31146,C
49628,C
42945,A
39589,A
21928,C
11655,D
30318,D
48642,E
34455,D
13970,C
39393,E
17498,C
61844,D
635,E
84839,C
92163,C
24233,B
74758,C
78302,A
1503,A
65068,D
54614,D
25229,C
87859,D
12096,C
96306,B
64211,C
85392,D
8978,C
98430,C
71688,C
99761,B
28209,B
42510,E
81154,A
732,A
53237,B
7138,A
44418,B
3884,E
27594,C
48670,D
24591,B
80711,C
6819,C
51300,C
79451,B
61024,A
96155,A
32380,C
42067,A
64892,C
63514,A
72721,B
97350,D
97510,C
90751,C
57165,C
31538,A
8818,D
16671,D
79813,C
49016,A
26960,B
1560,D
23864,B
28010,A
46948,D
43470,D
8250,B
71462,B
81655,B
13743,A
437,C
67506,B
81215,C
17,E
16375,D
1286,D
53693,A
25811,A
71782,C
33194,B
95722,C
82111,D
1735,B
76245,B
99512,B
84596,A
31348,C
26780,C
66229,C
3131,F
94496,C
23828,C
57916,B
53303,A
28437,C
27976,A
96949,B
72479,C
89456,C
33315,B
96170,A
22526,C
80253,C
30394,D
79472,B
60287,B
41124,A
58412,B
27764,B
58536,D
18637,B
1864,B
61808,C
45573,B
43624,C
7803,C
12582,B
57612,A
29043,B
94005,B
28634,B
9816,C
71845,B
67425,D
24469,B
40828,A
14129,B
81676,D
82479,E
69598,E
47384,D
9298,D
49026,D
16391,B
32575,B
4391,C
87611,E
93582,C
35681,B
71375,C
9172,A
24446,C
77684,D
72361,B
73471,C
46549,B
72072,A
13843,E
11814,B
58448,C
98311,C
88820,E
74301,C
46779,B
87786,B
27388,C
22352,B
85359,C
15293,B
59803,A
92614,D
29562,B
89025,C
60951,C
88466,C
86716,B
67401,C
11677,B
19675,B
49515,A
21854,B
4689,C
71857,B
89747,C
69544,C
72927,C
37167,C
6190,B
3247,B
32883,B
87522,B
68224,B
21957,A
71395,B
33275,B
83124,E
2491,C
72780,E
28724,B
14978,A
34458,D
91449,C
50810,B
9860,B
78987,C
39787,B
65481,C
35749,B
58362,D
98950,B
841,A
15829,C
92482,D
46795,A
81345,C
59468,C
3242,D
85612,B
33063,C
99430,C
91024,B
20059,A
54938,C
86111,C
4982,B
1497,B
80481,C
47252,B
16924,E
95240,B
19342,D
19180,B
68410,B
58070,A
90231,C
16662,A
41909,B
70146,B
61186,B
25310,F
19206,A
33162,B
35165,A
17463,A
42268,C
74173,D
87000,C
92685,B
93744,B
98384,E
70327,B
89198,A
91314,D
49070,C
38811,B
4017,C
29009,D
48719,B
55853,C
48537,E
48546,C
86969,C
10798,A
6122,C
48776,C
42378,B
11363,D
31097,A
3373,C
39249,C
22768,B
3768,C
11290,C
8662,C
6329,F
4707,D
69741,B
84407,B
57554,B
68466,B
27468,A
62495,D
73065,A
46695,B
40185,B
53026,B
44137,A
2708,C
93686,C
18863,D
32578,B
5646,A
5350,C
4475,A
46389,D
4663,A
29646,D
58461,D
1763,C
8273,C
19124,B
25863,B
48666,C
46521,D
70636,B
14741,D
65605,C
51988,D
65560,C
81446,A
94540,B
57653,C
27334,B
96343,B
51662,C
23856,B
4948,E
47295,D
17595,A
97904,C
78058,B
18022,B
66547,C
17444,A
69487,C
36155,A
20520,B
54336,B
98263,E
98834,F
66815,C
74747,C
25980,A
13153,C
95172,C
61354,B
46118,B
88389,D
75516,D
87995,B
78079,B
29448,B
31999,C
30009,B
1309,A
44413,B
89981,C
43716,C
8431,F
3564,A
89176,B
73660,A
25362,D
49237,D
59395,C
2281,C
24133,C
81256,A
69895,C
99899,A
93540,D
62723,A
67568,A
88062,B
91286,C
51935,D
24556,C
68947,C
53566,A
2278,D
84071,D
36696,C
14392,A
27326,B
52837,D
46593,B
44805,C
20533,C
77756,B
94771,B
75216,B
61593,A
548,C
40815,D
15384,D
27844,A
9560,E
70004,E
37830,B
45921,B
35655,B
18843,C
40769,D
78508,B
27452,C
95700,C
47855,C
22538,D
19617,B
79914,B
16639,D
4407,B
54872,C
48120,C
17216,C
33437,C
43031,A
95608,B
37625,B
65793,D
44872,C
65869,E
45410,B
86485,D
4842,A
20795,D
16241,B
82431,A
56198,B
98202,A
83774,C
74208,C
71172,B
2545,A
73979,C
13110,B
83758,A
67996,B
90588,C
60010,B
48532,C
26205,B
72296,B
6307,A
63279,D
92959,B
58849,E
34667,B
56437,B
77415,C
35827,D
58484,C
27056,D
30718,C
33191,C
67486,A
78691,C
13054,B
37909,C
70419,C
86769,B
25765,C
40248,C
92305,A
21610,C
64369,C
13687,C
85561,B
83165,B
59942,D
68405,C
94521,A
54101,B
45520,C
51989,A
76808,B
8486,C
36,C
40000,A
31969,C
5731,C
59181,B
49372,C
46455,C
22664,B
67104,E
81268,B
50974,B
59627,A
73995,A
25281,B
21817,B
82768,B
65823,B
54169,B
52673,D
69749,C
4167,D
80815,B
76608,A
85536,C
61646,B
89885,B
95486,D
68331,C
11849,C
13784,B
33146,C
42135,C
83853,C
83730,B
67737,B
36050,C
69264,D
11457,B
11651,B
58628,A
97135,C
30104,C
77515,B
31205,B
11274,D
3382,A
9486,C
9739,D
10358,E
24041,C
81295,D
70189,C
7086,C
4837,B
12948,D
79144,C
72688,A
61628,A
22441,A
9862,C
91760,E
60815,D
9330,A
32387,B
33959,C
64454,C
29418,B
22945,E
4541,D
28671,D
58169,B
76704,B
170,D
67338,B
60526,B
99400,C
39481,C
34604,B
54827,B
49994,A
47208,C
76159,B
20343,C
36558,A
354,C
30382,C
49527,A
55484,E
35785,C
79635,B
56201,C
42610,C
8706,F
393,B
51072,C
81257,C
84556,C
48145,A
46855,D
10032,B
1572,D
70914,D
18549,C
90244,B
97302,C
27405,B
166,C
77220,C
51163,B
37326,B
15622,B
44905,C
21479,C
20033,C
85115,C
27706,C
16004,C
40206,C
55187,E
77826,D
54454,B
74142,B
14584,B
80788,B
83926,C
94984,C
11670,D
15060,C
59099,C
73629,B
28514,F
72899,C
21950,B
74393,C
35567,E
81987,C
43050,E
44252,A
74219,A
62524,C
94421,A
77618,A
69207,C
61055,C
65597,C
76582,D
82245,A
56975,A
92734,A
59076,D
24559,A
56362,C
60549,D
37532,A
39962,B
28742,B
12758,B
97980,C
80692,B
69176,D
37976,C
19092,C
53480,C
83523,B
23137,A
59307,C
18604,B
47780,C
72185,C
92543,A
11144,B
93742,C
81155,B
87961,B
37558,C
7407,A
13149,C
73175,A
3710,D
66151,B
30358,C
91769,A
38627,B
66764,A
36203,C
86761,E
49600,A
98940,C
91348,C
68918,D
33004,B
3877,C
56728,A
63023,B
73686,B
27010,C
34497,C
86691,B
76201,B
95653,D
51117,C
63249,A
25093,C
29738,C
62921,A
84586,A
61557,A
68951,B
8996,B
87163,C
17135,C
1087,C
72769,C
11721,A
34244,B
47189,B
42224,B
67452,C
48333,D
21919,D
49025,D
98765,C
64894,D
69952,B
62229,D
2196,C
89322,B
73863,D
71900,C
72461,B
93994,C
64217,B
92658,C
96608,A
39662,B
41694,E
46840,C
72390,C
9068,B
35741,E
62243,E
25134,B
36300,C
40939,C
54601,A
60496,A
17053,A
54134,E
66316,B
27238,C
83800,A
94956,D
49503,D
20386,B
27191,D
89319,C
83421,C
69767,C
89720,B
14433,C
37170,A
40273,A
26263,A
90619,D
81837,C
54562,D
64375,D
93948,C
68185,A
69119,C
46888,A
25594,B
56255,C
20190,C
2060,B
37584,C
30688,B
87535,C
38095,B
84751,B
26778,B
84903,B
31408,C
99440,A
86443,B
12558,C
42666,D
59638,B
24020,D
53582,B
9474,B
68571,B
756,B
18612,B
92151,A
19954,C
44015,B
10628,A
30994,B
45943,E
45286,A
98930,C
46756,B
78504,A
81943,C
49191,D
55330,B
82663,B
2515,C
68926,B
23420,A
30553,A
12295,A
93277,C
26624,C
57315,D
81379,E
46338,C
86155,C
36797,D
96546,B
40977,B
92254,C
67444,B
40583,B
96531,A
38100,B
12446,B
14550,B
2962,C
64902,A
69668,C
76834,B
65811,D
51340,D
47473,C
68557,B
68609,D
60322,C
83764,B
71398,A
54167,D
78548,B
57267,D
16760,C
11468,B
8561,D
7306,C
99729,B
82835,E
65883,A
85280,B
15710,C
44427,B
93052,C
17546,C
1559,A
24863,B
17607,B
82665,B
54312,A
83461,D
27477,D
97086,C
76922,A
91530,E
39234,D
45065,B
49930,C
26752,D
81685,B
8196,B
19535,A
64173,C
81491,C
98671,B
52964,B
13965,A
18635,A
47729,A
65357,B
94048,A
5752,F
19870,B
82711,C
53280,C
67422,A
11340,B
27265,E
45138,C
79046,D
14923,C
56387,D
23853,A
34785,C
59896,C
2666,C
96308,D
15852,A
53320,B
26091,C
72247,E
49957,A
74192,A
51992,C
62817,A
61630,C
38582,B
14726,A
52326,C
83698,C
26136,C
9214,B
70140,B
95756,A
51339,A
68726,C
19354,A
5771,C
23649,D
89446,B
62478,B
20777,B
5599,C
4791,B
94594,B
85160,C
74380,A
80371,C
60004,E
95271,C
51740,C
88295,D
74341,B
91613,D
46674,B
97094,A
13549,B
11863,B
51877,C
44693,D
72901,C
60423,C
21741,D
44551,B
15071,B
66563,D
65258,C
27713,B
76319,D
91016,C
30626,B
11476,C
25027,C
71199,B
997,B
30017,D
63486,C
11206,B
8761,C
21937,A
44127,C
33844,A
60729,B
97153,B
14801,A
61347,A
63331,A
16246,D
38469,A
10077,E
93676,C
75971,C
53410,D
28618,C
45488,C
29767,E
59225,B
39270,C
59890,B
82803,D
19268,C
88606,C
35074,D
41284,C
93412,C
9673,B
18585,B
44055,B
80997,C
91699,B
11518,C
96069,C
61224,C
75985,C
9090,C
24381,B
41849,A
80484,C
21191,D
16842,B
69678,B
44975,B
7659,C
64411,C
27878,B
15952,A
57023,A
69270,D
73654,C
84526,A
95305,B
82729,B
26498,B
16888,D
18397,E
82939,A
94113,C
45598,A
85171,D
91353,C
43766,B
12070,A
48545,B
51926,D
49776,C
26305,C
89316,C
55918,C
42370,D
65347,C
46506,B
23940,B
44575,C
60521,C
39660,B
2099,C
59504,A
4119,B
6503,C
97773,B
96848,C
35261,D
31987,D
17487,B
89814,B
13578,B
7742,C
4751,B
71725,D
73480,D
55798,A
46821,B
29501,B
89002,B
79601,D
60058,D
66236,B
83446,C
74276,C
10623,C
93460,C
88154,C
88905,C
26560,A
12282,C
55828,A
88833,B
91001,C
23587,C
5613,C
15292,B
52824,B
40712,A
76438,D
1670,A
7913,B
39387,C
46824,A
2823,D
83109,A
47702,A
76014,B
63437,C
45426,C
79899,C
29756,B
72819,B
30818,D
50401,C
37926,B
21545,D
80252,B
22915,A
29393,C
66293,C
46183,C
62145,B
55190,D
30533,B
54618,C
60420,C
77273,A
49195,B
52632,A
41090,A
5668,C
74558,E
3171,B
9981,C
58375,E
49915,D
37020,E
94183,B
43415,C
71563,B
59263,B
78300,C
36843,C
8328,B
25326,F
95776,A
74672,C
75248,B
46162,C
84383,B
7911,B
18546,B
43368,B
97009,C
98771,D
81338,B
27081,C
18654,C
96053,C
67623,B
3348,C
14973,B
10567,D
2074,C
57753,B
11828,F
64494,E
31565,A
14911,C
74740,C
2116,B
51121,C
88158,D
35435,B
8715,C
67780,A
40736,C
73845,C
93560,C
22910,B
31725,D
98391,B
83623,B
68144,B
11777,D
46624,D
1971,A
40117,D
45496,E
63567,D
56082,C
23520,D
77819,C
90077,E
70621,C
43826,C
33680,C
9691,C
6354,D
49726,C
83064,B
95505,C
96904,D
20991,D
8448,C
84115,D
67804,B
26075,C
69307,A
61077,D
42885,C
19144,E
83028,C
78500,A
89163,C
24525,C
8009,C
53326,A
60355,D
18142,C
22173,C
94600,B
38957,C
56867,C
82952,B
44858,E
37985,A
93844,B
62088,D
68457,A
60855,A
285,A
1902,A
69968,B
15822,C
75777,C
25413,B
97916,B
54548,B
25019,C
97492,C
52582,C
82260,D
78676,A
41347,B
81672,C
66176,B
6807,C
28112,C
89428,C
83429,A
78434,A
10492,A
48335,D
73741,A
67103,B
2919,C
59274,C
41026,C
11610,D
38675,A
67180,C
21939,B
88012,A
59007,C
29091,C
77757,D
5320,A
81535,B
47371,C
95578,A
64225,C
86719,C
44210,B
46448,A
32987,D
12255,C
39630,C
39945,A
84358,B
55541,C
60666,B
5440,F
61642,B
80458,C
14313,B
51499,C
25671,C
57549,D
38658,D
57085,D
49669,B
29869,E
98154,C
96850,C
62491,C
71873,C
54832,C
84741,B
62329,C
64382,C
44108,B
23625,B
63226,C
91299,C
34494,C
30112,C
76911,A
35921,D
62136,D
75088,B
42483,B
6119,C
79911,C
25078,C
66559,A
53904,C
29415,C
38011,C
94058,D
86203,C
16026,C
96836,B
28697,C
3747,A
33222,D
58002,A
2175,C
42684,A
35690,F
34098,B
31266,D
9343,B
56776,D
43964,C
62246,C
48028,B
23486,B
66246,B
49229,D
34121,C
46371,C
12418,B
78325,B
23158,C
81287,C
53468,C
91391,B
3921,B
6671,C
41290,A
39520,C
24933,B
50144,C
67913,A
13009,F
67929,B
66311,B
32318,C
82984,B
11771,D
93512,D
10406,A
23115,E
34061,B
10809,B
46716,D
84742,D
23099,C
66973,B
56753,C
49514,C
13622,B
57974,B
715,C
3664,D
31328,C
68192,B
90693,A
22736,C
70023,B
42347,B
39800,C
57691,A
42254,C
92547,D
74549,D
9074,C
9687,C
60270,B
99775,B
94889,E
16753,C
36089,A
42821,C
1269,C
80528,B
12348,D
46642,A
76508,F
87491,C
15485,C
46739,B
87216,C
53862,D
6607,A
35724,C
73923,D
66919,D
14199,B
87940,F
59635,E
50728,B
71754,D
97902,C
59195,B
75628,C
65125,A
36241,C
11459,C
15504,C
10205,A
12661,C
85880,C
95929,B
89411,B
71017,C
91276,B
95201,E
7939,B
87652,C
47323,B
35862,B
57574,E
31046,C
35248,A
46949,C
94623,C
71910,A
74983,B
14225,A
59936,E
89642,D
95030,C
67660,B
58685,D
62934,C
117,B
97103,C
46557,A
83600,C
41165,C
68152,A
20468,A
41731,C
92694,A
58745,C
24566,A
47857,B
95696,C
37400,C
87483,A
28211,C
19387,C
1364,B
42451,C
39853,C
92844,A
59030,C
23868,C
97964,F
39566,A
8884,C
98551,B
84619,A
2059,D
81368,C
33663,C
33535,C
84550,D
29577,C
13371,C
84191,B
780,A
14716,C
7896,A
81722,C
31267,C
8308,D
26927,D
48013,C
80509,A
1307,A
65117,C
17659,A
61819,C
29806,C
98421,E
18684,C
29311,C
10535,C
45148,A
88953,B
30411,A
78732,C
29990,A
62176,B
78591,A
75530,B
96712,B
54220,B
25623,B
76499,D
59615,B
31756,C
60169,A
36764,D
84315,C
11076,C
9435,B
41991,C
83996,C
96222,E
24284,C
62143,C
51342,A
79818,C
69500,C
26707,B
59167,C
87968,E
34970,B
22277,F
58387,D
29967,A
63083,E
59740,B
95453,B
93369,C
81990,C
43721,B
49074,C
80357,C
91098,C
24968,C
73504,B
40420,B
49055,A
445,B
84142,A
15585,B
21059,C
38391,C
53135,D
28457,D
86971,C
51408,C
12105,C
19953,C
90705,C
18620,B
92915,C
96217,B
84245,B
9747,C
27120,B
87825,B
77966,C
71982,B
43944,C
98299,C
16129,A
8656,D
99447,C
8968,F
59234,B
37838,C
723,B
2601,A
32420,A
57012,A
91672,D
93406,D
64156,B
75273,A
24144,B
76409,A
63136,E
98335,A
26076,F
12471,A
16240,C
4117,C
45735,D
89081,B
77336,B
94777,A
64683,C
93574,C
93796,A
10383,B
85495,B
87553,E
26358,A
15058,C
1074,C
248,C
54536,E
89746,B
95076,B
34602,D
23832,A
45442,C
27146,D
39438,C
84867,B
70553,C
69081,B
19801,D
91911,A
64614,B
27785,C
77965,C
21482,D
15987,D
99426,A
21260,C
16855,C
2883,B
82596,A
32339,C
98992,C
42558,D
30417,C
2322,A
66502,A
54121,C
47551,B
89360,B
48607,C
53902,C
37268,E
33809,C
6143,C
10460,A
40733,A
45232,D
96979,C
21469,A
50514,B
985,A
11647,A
58214,C
12796,B
58150,C
20920,C
38217,B
28300,E
70438,D
97871,A
58330,D
1787,B
68633,E
20637,B
12984,D
88630,C
78404,C
24057,A
29229,E
41948,B
81985,B
61980,C
45945,A
87095,A
97994,B
74042,D
26475,B
31972,A
1897,C
88087,A
98953,D
69798,D
11417,B
29957,D
880,B
98763,A
88161,B
63387,A
59374,B
85104,B
5280,B
44756,C
34693,F
94860,C
68132,B
52073,B
22415,B
8408,D
51012,A
87016,E
37587,C
48986,C
11656,B
75712,B
76892,C
35060,D
5660,C
7715,A
56650,B
17247,B
49903,E
93669,C
1927,D
34576,A
44188,B
36439,C
76960,D
57206,D
28948,B
26901,D
94355,B
8942,B
46693,B
51974,C
48164,C
85834,C
65189,E
63499,B
12388,A
54290,B
66235,B
57057,A
75968,C
35923,C
20857,C
95669,E
78194,E
15038,A
13718,A
63519,C
21083,C
13744,E
9580,B
5578,B
27808,B
68417,D
66773,B
95869,E
56662,B
61045,B
95449,A
59425,D
29464,D
21876,B
48422,A
57555,C
40257,C
1393,D
29672,B
12530,C
80128,D
3529,C
99887,D
57665,B
66843,B
53428,B
57909,D
19561,C
47595,C
74810,B
39556,B
44232,B
53293,B
38712,C
27583,B
16942,B
1842,C
23253,C
86956,B
58695,C
91315,C
54428,B
24648,D
77068,B
1683,C
9113,C
21782,C
84822,C
16831,D
7721,D
70938,B
83791,C
23189,D
74853,C
21710,B
3462,A
94013,B
18818,C
4240,C
50715,B
79626,C
22919,D
76601,B
57392,A
53369,D
69576,D
36004,B
66638,B
36623,B
85037,C
15985,C
78787,A
47505,A
82264,A
82521,B
41083,A
34865,B
16934,C
45039,C
99262,C
56271,A
23796,A
45731,A
40115,B
32316,A
13167,C
6801,B
57207,C
97416,D
45386,A
12967,C
29491,C
30866,C
15660,C
25116,D
50141,C
32902,C
45656,B
39112,C
67042,A
35443,C
34027,B
96964,B
55514,C
33584,A
41173,B
49897,D
43324,C
97585,B
38911,A
47822,A
74153,C
70587,C
76099,C
96527,A
91652,C
21441,D
70642,B
68488,A
66385,C
43045,B
7172,A
5336,C
4025,B
11128,C
32217,A
91132,B
82753,C
65521,C
95841,D
50421,C
87439,D
8453,C
18469,C
79376,E
40782,B
26965,C
76354,C
84005,D
59289,B
68221,C
47162,E
38953,E
51405,B
1691,C
84707,B
99947,B
59810,D
84158,A
60613,B
4043,B
98524,C
35178,D
88497,C
47601,B
11694,C
77735,B
72740,B
2481,B
95070,C
14641,A
81902,D
1190,B
34407,C
25472,E
22026,B
64842,B
2530,B
85767,B
56539,D
50542,B
10601,D
33613,B
44993,B
86999,B
27105,A
34396,D
858,B
795,C
60189,B
45798,B
2544,C
90392,B
43083,A
62212,C
98482,C
13491,C
11761,E
34522,B
54759,B
2988,B
58727,E
54785,D
61162,C
18144,A
97667,C
33872,B
78966,C
65070,B
10538,C
21332,D
53724,A
72198,A
65993,D
78220,C
42628,A
6559,A
58007,D
57318,C
1586,E
19305,C
98815,C
37547,C
57362,E
36397,C
74841,E
35949,C
87162,A
15604,D
98171,C
70645,C
60694,B
63011,B
23119,B
98721,D
79698,D
47016,C
93283,A
70408,G
99016,A
74599,C
6916,A
6314,C
46300,A
41043,C
89287,A
39926,C
24617,B
22304,E
29468,D
22698,B
46627,D
32200,C
96895,A
82424,E
1263,C
47184,A
80919,A
79453,C
81931,A
56500,B
46828,E
62619,C
26334,B
17548,C
59592,B
69983,C
51769,B
18093,A
8638,D
64624,A
90216,A
55148,C
66943,B
2024,D
6649,B
75794,E
85085,A
90063,D
61127,A
52296,C
45209,C
90381,C
50830,B
12723,F
15388,B
75067,C
8634,B
99164,C
83928,D
39036,C
28044,B
43674,B
64407,C
18936,B
57031,B
31876,C
16731,B
21997,A
80847,B
15046,B
82109,B
25672,C
47564,B
81925,A
5155,D
4088,A
4279,D
92066,E
84910,B
89438,B
27696,B
41084,C
27091,C
84454,B
66986,A
92569,B
97304,B
22649,E
48674,A
7456,B
71883,A
79877,B
69085,A
32336,A
25996,B
34771,B
96187,E
24998,C
86438,A
92539,A
61368,C
1767,B
24845,C
1419,C
78034,B
91307,B
12397,B
94643,B
675,E
92970,C
10113,C
53176,D
56420,A
14501,D
82070,A
18633,D
22599,A
45418,C
45900,B
82920,A
77471,B
45351,A
16925,C
10698,E
66992,E
4525,A
4920,C
68546,C
33642,B
87956,A
75206,A
97429,C
98915,C
26424,A
88245,A
7703,D
69573,D
66381,B
34951,A
42397,B
30601,E
80228,C
12774,A
12265,B
46762,B
64300,E
7903,D
18115,A
52799,A
13280,C
33223,B
23554,B
88909,B
4626,C
37284,C
66024,C
85084,A
20894,B
73248,A
36002,C
71825,C
33801,A
78126,A
27646,C
36646,B
637,C
52331,D
76430,C
35533,B
30312,F
89067,B
62332,D
7286,D
4582,A
93746,C
84559,D
5582,D
42425,C
25354,C
41105,E
81545,D
31355,C
125,B
20345,B
31724,D
7726,C
91791,D
5614,D
75761,C
97754,D
11380,C
52825,A
47697,C
42780,C
67897,B
20316,F
31379,D
21220,B
40741,B
18726,A
26084,A
51167,C
37602,C
36648,E
63017,F
64391,C
16736,A
73305,D
51690,D
5099,C
82658,D
22414,B
72488,A
8900,C
40476,D
74646,A
79675,A
49300,B
60871,B
54711,B
7362,D
5293,C
48873,C
58598,C
77949,C
56058,C
51345,B
64626,B
2379,C
34760,C
63929,C
56544,F
9599,F
95900,C
43199,C
15722,E
42720,D
19827,C
51833,D
47830,C
87239,D
19104,E
18774,B
3129,C
13691,B
6952,A
71296,B
4241,A
43036,D
64813,B
60282,C
31251,C
82241,B
32669,A
28332,B
75733,D
88064,B
74877,C
19095,B
56233,A
80283,C
68280,D
70093,C
52995,B
80433,B
80329,C
54426,B
68202,D
47428,C
58797,C
1212,B
79159,B
47223,D
76562,B
41479,C
72167,D
72745,C
71057,B
24611,A
1821,C
22573,E
9645,C
93234,C
54556,B
41436,B
90950,B
71993,C
97491,B
74503,B
78167,E
24934,A
12020,B
2669,C
24809,D
69760,C
61252,B
65122,C
29750,A
55740,A
59834,C
11080,A
11276,D
56280,D
37880,C
49484,D
91303,B
71416,B
86279,B
3455,A
69072,B
53858,A
78282,B
75243,B
64956,B
14133,B
52583,B
64992,C
31665,B
58304,B
21761,C
1529,B
34013,A
11512,B
21253,E
34353,C
45802,C
11714,D
72846,A
69123,B
2417,C
20216,B
46887,D
2115,D
3066,C
98749,A
3977,A
6079,C
53261,C
91804,B
10226,A
81851,C
4199,C
70932,C
22710,C
60692,A
92400,D
48959,C
73494,A
97136,A
72519,B
20145,C
3200,C
24401,B
31964,B
49142,C
78448,C
11970,B
84872,C
54720,F
23835,B
52717,B
4918,C
98821,C
29936,C
95624,D
47125,C
62099,B
72364,B
52343,A
65321,A
60551,B
67110,D
40306,D
29744,B
21844,B
11827,A
10608,E
29903,B
98389,C
58841,D
26646,D
57418,A
27248,A
47627,A
27223,D
79551,D
65437,D
39516,C
98652,C
94811,D
35329,C
77286,C
31710,B
6853,D
31807,C
93923,D
14491,B
45911,B
78656,B
1808,C
96550,B
37833,A
56699,A
19576,C
92542,A
10530,B
36283,B
45338,B
56871,B
75845,B
83913,D
88148,F
90631,A
60462,E
35826,C
30633,C
70367,B
59017,D
96229,A
55473,C
95475,A
55547,B
70808,A
34249,A
85176,C
9399,C
58838,A
81147,C
98594,A
9406,C
48972,C
74199,C
12952,A
82300,A
55955,B
97584,D
95768,B
62625,B
18970,E
61762,A
5966,E
58957,B
3483,B
88695,C
84015,D
99037,A
21015,B
17875,C
28710,C
8683,C
14227,A
89896,C
29561,C
56516,A
72514,C
97250,C
34767,D
28410,A
46011,C
95308,A
216,B
33625,A
64331,B
18765,A
79532,B
3870,A
90501,A
40029,C
4549,A
93967,B
77937,D
91066,A
65220,C
19745,C
81936,C
61015,D
39113,C
79476,D
6147,C
17958,C
92893,D
20030,B
38866,C
29525,B
69987,C
59182,A
15077,A
37648,D
89998,C
69695,B
48414,B
57300,C
14049,C
12141,B
78549,B
23630,C
31500,B
36966,C
38640,C
9798,C
38882,D
75917,C
25619,C
63170,C
84173,C
59823,E
59273,C
11661,C
13948,C
22873,E
80382,B
90448,C
63922,A
98228,D
3853,C
63480,C
27569,B
75443,E
4684,D
99515,A
43956,B
22601,C
83085,C
25528,C
57766,B
58576,C
16814,A
18355,B
12215,B
34646,C
88901,C
83959,A
49111,C
91637,A
39557,C
89370,C
91414,B
64736,C
68834,B
9013,B
30241,D
5183,B
64252,E
93282,C
34008,B
14391,D
473,C
89204,C
33534,C
97147,B
20175,A
72224,A
96758,A
27538,C
88618,C
49130,A
73028,D
70833,B
75324,C
48692,B
58046,A
67236,A
2869,D
86527,B
39071,D
27710,A
26762,D
28593,C
52529,D
81546,A
85492,B
92442,C
67244,A
64906,A
84674,B
60386,C
27629,C
96868,C
20580,B
25569,E
39035,D
68722,D
24219,D
460,D
68608,C
23052,A
70378,C
74900,E
21060,C
68770,D
41899,C
89714,A
91181,E
51683,A
32551,B
79545,B
5442,E
76676,D
86534,B
19223,C
72094,C
32541,E
58656,C
29759,D
77894,C
50333,A
45243,C
74439,C
25334,B
20731,C
51969,C
31465,B
71459,B
92881,A
27815,C
87276,C
19645,B
30378,B
28096,B
54609,B
10758,A
44997,D
8074,B
45996,C
83425,B
71485,C
68386,D
47112,D
88541,C
73729,C
72212,C
10392,B
38500,D
45971,C
2950,E
84593,C
16310,C
38923,D
62351,C
44050,B
56788,C
93493,D
75634,C
10317,B
29081,D
27435,D
47124,B
61905,A
9833,D
60221,C
26115,B
10575,C
47973,B
77405,B
46530,B
70502,B
74623,C
88664,B
32323,C
80419,C
72735,B
21528,B
2519,A
15551,C
79040,A
70094,B
44557,B
1207,B
14017,B
6846,A
54322,D
3340,B
64556,B
68233,E
74306,C
77580,B
67171,C
56850,D
65659,A
33543,B
43582,A
50419,C
14921,A
22183,D
62585,E
24597,D
75093,A
97848,B
61365,C
4250,A
84857,A
86023,B
89005,C
4467,B
2049,B
57918,B
74432,D
6055,C
88496,C
9274,C
78218,C
30069,E
47106,B
68929,B
96843,C
62745,B
72393,B
39833,C
94269,D
81426,C
338,B
34373,D
21279,C
52258,B
33494,B
11192,D
71048,C
31435,E
29146,B
19469,B
75771,A
93475,B
66990,B
56005,C
23964,C
71188,C
74581,C
71921,A
11971,C
5360,C
26797,B
67100,B
10564,C
64834,D
73655,C
18532,C
34990,B
18817,C
28404,A
14018,D
9166,B
85542,B
13386,A
67208,B
98056,C
51161,C
69470,E
68560,B
14153,C
46424,C
75551,B
69465,B
4463,D
65666,A
49838,C
34479,C
18795,D
7655,A
61652,B
71816,C
30137,B
20686,C
95621,C
49558,C
20376,A
5112,D
11668,C
11864,B
8908,B
76232,D
42635,C
56320,C
52768,C
57648,C
40051,B
26128,A
95479,D
18806,A
42072,C
17989,B
72139,D
83993,B
28569,A
57114,B
40149,C
19046,C
12561,C
87615,C
18709,A
5691,B
53931,A
12064,C
72263,B
79136,C
94365,D
73071,B
91288,D
98281,C
61858,B
43572,B
91461,A
33583,A
52681,A
66435,C
15868,D
56629,A
41379,A
83903,B
15573,B
34232,C
83080,D
15932,C
13752,C
83608,A
82978,A
66746,C
54793,C
99935,C
88028,E
37178,A
50645,B
50630,F
90172,C
37404,B
77630,B
29829,B
57464,C
53685,A
12259,B
3133,B
20736,B
63503,B
1300,E
71611,C
84096,C
70523,A
10659,E
59831,B
54587,E
11753,C
54023,C
18086,A
9084,A
2554,A
58684,B
79985,B
65450,B
20151,B
62861,B
44580,B
10710,C
44075,D
53334,D
79463,E
26238,C
48660,E
63453,C
38446,C
89155,D
91902,A
71443,B
68889,A
25615,C
60356,B
37008,C
86878,C
63556,B
19312,B
24320,D
14756,C
64193,D
71149,C
75047,B
75121,B
8110,D
55944,B
85973,A
69634,C
78630,C
25377,B
19292,B
86117,A
98881,A
20603,C
18046,B
67787,D
2765,B
66550,C
34140,B
6091,B
56914,B
10269,D
16066,C
55141,A
65523,E
57296,B
52578,A
94886,C
81383,C
29085,A
19323,D
61204,B
3635,B
92520,D
44636,B
94027,C
14760,D
18143,C
72399,C
63826,A
11392,E
29115,E
79916,C
86359,C
59540,C
53002,C
71785,B
59190,A
14400,C
59925,C
85598,C
61500,A
68220,C
34312,A
95898,C
50051,E
30453,B
99030,B
82500,A
10134,B
26597,D
49412,A
54652,B
60645,C
28220,E
63944,C
70296,B
38501,D
43039,C
56595,E
23886,D
98912,C
66929,A
89053,A
63479,D
96143,B
78497,B
73988,C
27588,B
49138,C
53619,C
9841,B
91611,B
98286,B
58826,A
97670,B
33041,B
64730,B
70165,B
18929,A
284,B
95828,A
8957,C
30826,C
77898,B
20616,B
5107,C
10799,C
58256,E
71933,B
68923,D
74337,A
98213,D
91005,A
14539,B
37863,C
46369,C
83243,B
13849,C
39064,D
68691,D
34300,A
67836,D
33140,D
98066,C
17001,C
40665,B
54504,D
93143,C
11097,E
62035,F
22844,D
24720,C
79958,C
73257,B
92961,B
51798,B
65302,B
26847,A
66731,B
26665,B
62801,C
54153,C
11304,A
98861,B
49166,C
87060,B
31773,C
62510,C
50720,A
44272,B
37479,C
32232,C
38456,B
53290,B
83226,B
72205,B
47139,C
1281,B
86108,D
97983,C
59677,A
68253,A
24384,A
77163,B
98424,B
38683,C
91064,C
76993,B
36728,D
40099,B
54647,C
38063,B
89445,B
46583,C
93700,C
73488,B
47032,B
86668,D
36462,A
3380,B
22391,D
86270,D
75315,B
14964,C
40714,A
62526,B
14143,B
96052,B
1406,C
35029,C
66397,C
40918,A
67024,C
61721,C
33410,A
892,A
79736,B
57724,C
29434,A
44368,C
56117,A
32396,C
72619,A
83121,C
22673,C
87823,C
71735,C
71019,D
31220,B
804,B
38684,D
85012,C
31601,D
91375,D
35502,C
32302,C
20041,C
75053,D
30246,E
96063,B
43496,A
99057,C
66189,B
53905,A
6989,A
64621,B
50539,B
34572,A
92064,D
65339,D
96359,C
48723,C
96351,C
58338,A
13475,B
39554,A
29063,C
77523,B
81612,C
95734,B
38732,A
41974,C
40953,B
27528,B
56876,D
84054,D
10874,A
29143,C
24203,A
93264,B
78954,C
76030,B
26508,A
52897,C
51446,E
45688,C
60734,C
60036,C
36379,C
27567,A
58776,B
11305,A
72628,A
83250,C
55333,A
57335,B
92768,C
54806,C
46326,C
83602,C
83222,B
98455,A
59665,E
47600,A
29991,C
54937,B
3295,A
13764,B
12822,C
10630,B
38237,C
72406,A
15595,D
23101,A
48336,C
76072,B
60639,B
40795,C
87824,C
44515,D
94764,D
3432,B
23900,B
62334,B
2313,C
85349,C
84920,C
89016,B
94265,A
2337,A
93142,C
11217,C
53746,C
32182,F
32639,C
1005,B
18644,C
92268,B
55059,D
42194,A
12263,C
31521,B
93020,C
48130,B
91327,B
83650,D
86439,C
89806,C
93631,C
50718,D
97578,E
44729,B
75017,B
84700,C
68477,C
92663,B
72872,B
24663,D
27666,A
23212,D
47003,A
16278,D
79711,C
69990,D
52442,C
78922,C
86398,A
49264,B
83325,D
86288,B
67805,C
67920,A
109,C
18657,C
26895,B
36384,A
28745,C
84427,D
23414,A
8537,E
54111,A
50197,C
45567,B
70299,C
28654,B
14158,C
32254,B
81951,F
98578,C
90782,B
14601,B
25864,C
8032,D
22595,E
98502,B
66442,B
34168,C
89215,C
83864,C
40246,B
59228,E
72939,B
99598,F
69444,B
51973,B
5307,B
40514,B
76825,B
94974,D
99225,E
68667,E
84957,A
67479,C
5600,B
85777,B
32861,D
97828,B
84511,C
49802,C
96508,D
88756,B
54769,C
75059,D
1883,A
87507,D
28911,A
45590,D
85647,D
25049,C
45889,A
26143,A
50378,B
51901,C
41835,D
99234,B
33454,C
23753,B
29128,A
55162,C
10936,C
17262,A
38730,D
24305,B
56554,C
36518,C
45397,D
38512,D
17145,C
81365,C
50163,D
46766,A
20333,A
28123,B
95415,C
90657,B
77658,C
92423,D
44545,A
91175,C
26048,C
22400,A
30073,A
40762,A
32413,B
16325,C
94578,D
32224,D
68209,C
46709,D
56449,B
79613,B
49969,B
72892,E
49408,B
84991,D
55414,A
99027,C
35836,D
98372,C
55057,A
2576,A
16621,A
66489,D
94964,B
90721,D
56608,A
24710,D
2020,A
10657,C
46059,C
35195,B
31573,E
43141,C
90709,B
35426,C
77371,B
92908,B
82378,B
76630,B
32372,A
27529,B
56630,D
72065,D
41362,C
75364,C
91597,A
96159,B
79827,E
51632,B
35909,D
8011,E
70349,A
25973,E
66088,C
59071,C
26476,D
29847,C
41964,C
35232,A
96328,C
93826,A
81554,B
4765,A
86694,A
86172,C
52350,C
81811,A
93450,C
18032,E
35462,B
32459,E
71430,C
38397,B
58145,B
84465,C
84431,B
72562,B
81506,C
70802,A
42888,B
93682,B
66934,E
12646,A
55898,D
92003,A
22889,B
35027,B
39583,D
57415,D
18502,C
89732,B
26251,D
67475,C
21827,A
90650,A
99047,B
50239,B
95943,D
89731,A
27797,C
91815,D
44834,D
92333,B
40301,A
21155,E
81019,B
73125,A
80911,C
38056,C
40164,C
8438,C
53520,D
91748,B
37623,B
38037,B
86244,B
32895,D
58971,C
45466,D
50430,C
19910,B
42315,D
45145,B
34028,B
17912,E
5808,C
83717,C
39957,A
4100,B
27380,B
411,B
74848,C
89716,E
54352,E
59563,B
83183,C
12419,B
73661,A
72731,C
78959,D
72679,C
25014,C
55086,A
5213,F
55582,B
6718,C
2503,B
61662,D
41735,A
24439,C
51857,B
34362,B
15807,A
26449,A
57761,B
39505,D
6237,B
71899,D
9329,B
45528,B
56849,C
10199,A
28985,D
89610,C
5194,E
22282,C
69391,A
63854,B
23894,C
85726,C
46411,C
4339,D
90641,B
39659,A
8813,B
62366,B
22622,B
36358,D
71689,C
60361,C
79405,C
45013,B
12281,D
82062,C
18973,B
10258,C
74994,D
16922,C
98233,B
55172,B
72604,A
86177,C
45134,C
10858,B
51238,D
99479,C
74023,B
92160,A
33308,B
33507,C
85978,B
7068,C
33486,C
52209,B
13292,A
79390,D
26231,E
86698,C
3178,C
55960,C
25715,C
47474,A
12610,A
47605,F
60820,A
76525,D
6998,B
4376,A
659,C
80761,F
48610,B
3387,C
44530,E
91470,B
52794,E
58360,B
54463,C
9886,D
44500,D
59044,B
91140,C
47293,B
49117,C
33500,C
34205,A
58272,C
90442,C
2973,B
26645,B
73679,C
43025,B
41159,B
95611,B
16649,B
7078,B
33712,C
64954,A
79530,C
58197,G
42930,B
76163,C
98410,B
82748,F
79344,C
41303,B
90654,A
22082,C
58270,C
30414,E
42427,B
58417,C
43071,B
48836,A
30756,B
84972,A
93591,B
4617,C
56134,B
78009,C
16523,B
85725,B
30456,B
546,D
17307,C
92691,B
12628,C
64166,E
49474,C
21805,C
64133,E
18122,C
76043,A
59306,D
81611,A
25454,B
17819,D
2340,A
9135,B
5818,C
94191,B
40516,B
61170,B
96427,B
86018,A
71045,C
34347,D
33127,A
13643,B
9636,B
75866,D
80325,C
81403,B
85878,D
93339,C
10080,B
6166,B
13057,D
5711,B
57287,C
11207,A
78440,C
87231,C
53256,A
434,C
78944,D
20118,C
17052,C
75299,A
26554,B
77154,A
44415,B
15224,C
42856,D
1457,B
10692,E
47924,D
89412,B
68960,E
18941,C
28646,C
62771,D
54837,A
80044,B
85334,E
70330,C
89385,B
44948,B
55802,B
61636,D
88766,D
73377,B
26275,B
489,D
65579,C
33391,C
33150,C
20759,C
15307,D
85079,D
53764,B
13443,A
15220,C
81452,C
78979,C
2595,D
45046,C
75190,C
80095,B
99320,C
49799,A
33841,C
88727,A
99144,B
84617,B
7829,C
13086,C
26912,B
76299,B
64577,C
26365,C
40865,C
62407,A
25483,B
65423,B
62587,C
82493,C
56920,A
20038,F
31780,B
6577,C
90635,B
60325,B
79018,D
89621,C
23332,B
73586,B
79327,B
51600,B
31608,D
26248,C
17205,A
89014,D
19015,C
98085,B
2807,E
43482,B
16323,B
21149,B
73758,C
76080,B
41456,D
1641,D
48163,A
11430,B
5902,C
73280,B
7076,A
13433,B
72093,C
63021,B
7126,A
96190,C
61684,C
17179,C
56834,C
99710,A
91718,C
85930,A
72762,A
38167,C
99889,B
54506,C
93379,D
64063,C
64490,D
86888,C
48502,C
98767,E
33889,D
30058,B
51994,D
52885,B
14184,B
8482,B
72941,B
47266,C
33352,C
31244,B
28055,B
4422,B
90605,A
5034,B
15678,B
38073,C
88145,D
52535,C
12819,B
64242,D
16672,B
18566,B
38432,B
83878,C
86701,B
55476,A
88859,C
32888,C
97824,B
45529,B
57189,A
3619,D
7476,C
62374,A
9866,D
3694,C
85850,B
30575,C
96879,B
60102,A
97941,C
17905,E
49760,C
71092,B
83052,A
34703,A
76451,B
80161,C
81372,C
98864,C
99882,B
47742,B
67821,C
84249,C
60924,E
56375,B
73848,B
5539,C
29857,A
70053,A
77895,B
33985,C
53831,D
68264,A
42447,B
60124,C
8036,D
40536,B
27336,C
83271,C
97060,B
83274,D
87045,C
96218,B
11658,C
61982,C
88487,A
47748,B
95265,C
60299,A
94541,B
12250,A
97138,D
89110,A
95289,C
58126,D
2153,C
35691,C
94645,B
4094,B
1859,B
64058,B
10232,B
97881,D
57838,D
9,E
47477,B
77237,A
63533,D
36998,B
26724,B
72287,D
49014,F
36262,C
82653,C
34320,E
3081,A
98585,A
37729,B
20679,B
89273,B
72638,C
30945,A
19824,B
88201,B
80487,C
30119,B
57958,B
59100,C
63738,C
29057,A
88021,A
65497,A
55665,C
86783,B
61419,B
97156,C
22655,D
50284,C
6549,D
16397,C
39177,D
728,C
52651,D
59123,C
28490,B
98015,A
29292,A
32491,C
18454,C
85413,B
7965,E
72162,C
94619,B
17545,B
49829,B
46560,C
83155,C
15824,C
79462,C
32712,B
18677,D
19579,B
86583,A
30292,C
32919,A
8628,E
77670,A
85361,C
43442,A
38999,C
31967,C
72431,C
4320,D
93943,A
70628,C
22142,B
17330,C
78128,E
40130,C
55730,A
61984,B
3948,A
62851,A
61061,A
68552,B
85062,C
87735,D
50513,B
17248,A
83400,C
61845,C
21047,A
84309,E
47060,B
1390,B
37918,C
52179,A
25117,C
87445,D
10708,B
69233,C
54974,C
43228,C
72704,C
55950,A
55037,C
14524,B
10891,B
23930,E
30770,D
35682,D
39872,C
84415,B
2353,A
31021,B
9190,B
21288,B
27085,B
49775,B
84121,B
38039,E
34505,B
50225,B
43908,E
68463,C
26210,C
19362,B
60812,C
94215,A
27458,A
3160,C
85360,B
78683,C
88292,B
59346,A
54748,B
1974,C
88467,B
21613,D
36371,B
4869,B
78618,F
67209,B
59935,C
54768,E
35722,C
15901,C
66372,C
14936,B
70919,B
40728,B
35182,D
83640,B
77770,C
73697,C
39591,C
53632,B
82247,A
95284,C
66893,C
8641,C
38089,D
52371,F
73948,A
22577,C
76229,C
7266,C
39803,B
59353,B
4907,B
83899,B
66464,B
69813,E
67498,B
17590,C
15100,A
42357,D
40759,D
9122,A
58927,A
97441,C
25429,B
25457,A
34399,A
23246,C
23507,D
46459,D
90043,B
57050,C
62664,B
50606,C
89369,B
69198,E
28006,A
77816,C
10988,F
99937,A
12943,B
82531,D
18999,A
58032,B
52241,C
40664,A
51162,C
62980,B
84013,C
31247,C
58891,C
68666,B
66939,D
45492,B
91590,A
76828,B
63639,C
51749,C
62272,C
54388,B
94494,D
47432,F
55391,C
12726,C
55664,C
27253,C
83588,B
67122,C
25794,B
15911,C
78631,B
97100,C
32853,C
71450,B
44825,C
26507,C
37246,B
29706,B
82589,D
48715,B
63104,B
13689,C
97368,B
54780,C
50760,D
24859,B
53125,D
97119,E
10739,A
20404,C
35072,A
93555,E
10075,A
82051,C
37429,C
14292,B
28765,F
27573,C
54481,C
16603,B
26391,C
17791,F
31600,D
37814,D
58750,C
39460,B
40594,B
99917,D
63635,C
56089,D
53273,C
16587,C
69861,B
14797,A
7136,B
56380,B
91796,B
59766,B
19914,B
84862,D
18652,A
60326,B
17474,B
24977,D
83752,A
20710,C
88194,C
87971,D
41189,D
7891,B
50194,B
12549,A
5862,C
44326,C
21291,A
60443,B
19959,B
21298,C
83802,C
47713,C
53460,C
29978,B
2637,B
22445,A
12650,B
48685,E
49417,A
74605,A
5619,C
38793,C
10851,C
92352,A
74710,B
11215,B
16379,B
24730,C
73016,A
19023,C
95400,B
16735,A
90599,B
64723,B
21341,A
46829,B
84905,E
22058,A
35123,C
14275,D
46738,A
81963,B
70758,D
56740,E
42931,E
16868,B
10229,B
19227,C
30844,A
10062,C
53396,B
5235,C
53343,A
77340,B
31790,A
34156,B
69393,C
58954,C
9894,C
45873,B
55139,E
68760,D
91505,D
2760,A
21896,A
98556,D
34901,E
49004,C
8070,B
11502,C
70773,C
83883,D
82396,C
61459,B
47382,C
41985,D
87214,B
48799,C
11124,B
33933,B
93772,B
68597,C
18229,B
19472,A
98719,B
94251,B
28212,C
54205,C
86603,C
69046,C
45248,D
59808,C
66788,E
70624,B
39952,E
22371,D
57073,B
11740,B
50080,C
99327,B
82362,B
8415,C
54179,E
94401,D
43747,E
82954,B
88719,C
46749,B
91623,B
71313,D
62559,B
89154,C
48710,B
67040,D
82281,D
40784,B
29163,C
59985,B
70724,B
14581,D
23,B
74334,A
83925,C
90872,B
66570,C
97731,B
27654,B
64872,C
62640,B
43666,C
8170,D
42354,B
79301,C
93804,A
62251,B
27421,A
26196,B
5800,B
46451,C
13538,A
82139,C
48170,C
88537,A
17220,D
96918,B
64900,C
97316,B
4079,C
84247,B
11978,B
89723,B
49251,B
60209,C
15232,C
16090,B
36865,C
48640,B
92670,B
15422,C
84361,C
95380,B
50287,B
47755,C
21388,D
98442,B
56287,B
56815,B
4432,A
85207,E
22056,C
67163,B
79618,C
81325,B
97692,B
57004,B
61626,B
62140,C
75041,B
42908,C
39894,D
35606,D
47082,A
74031,B
74621,F
63581,A
55615,B
95552,A
24152,B
84042,D
96150,C
27925,E
14331,C
47133,B
28926,C
40674,A
73668,C
17259,A
29917,C
58601,D
7314,C
91067,C
89544,C
89692,D
48994,B
19628,D
49192,C
93510,C
11309,B
10170,B
76050,C
1718,C
93755,A
44556,B
75397,C
68179,C
79169,C
74709,E
75572,C
46979,F
41979,B
67222,D
8247,D
15581,D
50688,A
49492,C
6594,A
32872,E
40779,C
16966,A
83661,C
10982,C
37177,C
83949,B
47158,B
57684,A
80876,B
26013,A
53244,D
2183,A
59398,C
14740,A
31543,D
23005,D
4465,B
48243,D
53910,D
30916,C
81294,C
43171,B
2628,B
47421,B
35537,B
55403,C
53652,C
99294,D
30654,A
70356,B
37706,A
56683,A
57765,B
84847,C
91688,C
413,C
93249,A
74116,C
46611,A
81568,B
61025,E
47852,A
7777,B
28987,D
53108,A
8843,B
93466,D
35906,C
1728,B
54383,C
23434,C
48727,A
49429,B
44383,D
62183,A
65600,C
73385,D
56088,A
54128,B
83296,A
68019,B
1562,B
32164,D
12172,A
35234,B
90445,C
98941,B
3039,D
74603,B
48563,C
25988,B
23977,C
5418,C
17241,C
20521,B
32342,D
53927,B
31409,D
67772,B
63321,B
66101,B
20901,B
50593,D
81686,B
3739,C
58938,C
89711,C
23331,B
23895,A
13736,D
34276,A
68499,B
72633,B
77243,C
73877,D
93130,C
57063,B
6726,C
47360,C
90939,C
11681,B
50370,C
79724,B
59214,B
62211,A
69271,C
91412,A
61512,C
97343,C
51491,B
6506,B
8893,C
622,C
97266,C
37750,B
31554,B
76356,A
88435,C
71452,C
30541,D
98902,A
39525,D
96938,D
42642,C
77613,A
84462,B
97204,D
88216,B
53860,C
64928,C
53408,C
81288,B
24182,D
26595,A
96696,B
78365,C
12465,D
3318,D
93301,C
46574,B
90532,B
58219,B
1844,C
92192,A
80660,B
56559,D
51371,B
86146,C
7551,B
71076,A
56279,B
2497,B
94096,B
16562,B
59613,C
66954,B
23527,A
22740,A
7716,B
60354,B
74411,D
80946,E
62483,C
41600,C
38009,D
38747,C
56667,C
44253,B
39900,A
11742,B
87201,B
92695,B
58291,C
82429,B
64699,B
95008,A
12166,B
45666,B
96559,B
92315,B
56616,C
84776,C
2534,D
21282,A
28749,E
4511,D
65030,A
36706,A
13919,B
88313,D
21746,D
50182,C
42238,E
81982,D
93974,C
29619,D
31128,F
36140,C
37015,B
51330,C
45547,E
69120,A
33649,C
20517,D
26877,C
14146,D
34444,C
55121,C
22866,A
35334,C
5480,A
69281,D
23564,D
51068,C
75245,C
92889,C
46367,C
41261,A
27663,B
49876,A
23565,A
65575,C
55423,C
55415,A
36033,C
56928,A
54904,C
32322,D
32110,D
94863,D
62189,B
85626,B
83202,D
97569,C
65027,A
5714,A
33632,A
4099,B
39034,C
90539,A
82087,G
10624,C
36181,C
42400,A
26691,B
90252,C
33558,C
55229,A
17986,E
91700,C
59583,B
65563,C
33221,D
50639,A
5805,C
59861,A
93063,A
38897,B
59442,B
37144,B
63272,B
31594,C
80018,B
78474,D
82329,C
64180,C
9233,B
11778,B
62086,C
49792,C
57211,A
68279,C
62281,B
19152,C
84813,A
35899,C
7110,C
63557,A
67074,B
85619,C
52605,E
97778,C
79558,E
38616,F
58477,B
65040,A
13305,A
78482,B
22713,A
64014,A
98456,B
41591,C
90903,A
71325,E
90082,A
48451,D
38557,A
85335,D
1798,C
72966,C
45645,D
48341,B
18220,C
59517,B
2633,D
22240,D
42060,E
42250,B
53814,C
9154,D
57386,B
25132,D
23846,B
31880,B
89718,D
47568,D
50137,A
61322,B
50971,C
6596,A
75003,A
51750,A
57980,A
78901,D
50530,B
5922,A
88811,C
3536,C
89555,C
88135,A
51888,C
51380,D
67294,D
